entry_time,exit_time,direction,exit_reason,pnl_pct,size_pct,bars_held,result,ics,gatekeeper_passed,veto_soft_penalty,m1_dir,m1_score,m2_status,m2_score,m3_score,m4_status,m4_score,m5_status,m5_score,m7_score,m7_composite,eth_btc_trend,btc_trend,btc_atr_pctl,m8_status,m8_score,m9_status,m9_score,vol_regime,m10_status,m10_score,m11_status,m11_score,m12_status,m12_score,trend_dir,trend_val,cross_asset_score,session,phase0
2025-01-01 18:15:00,2025-01-02 00:45:00,LONG,TP1,1.8105,5.0,26,WIN,0.5578,True,0.1,BULLISH,0.6875,PASS,0.7083,0.7512,PASS,0.1251,PASS,0.5594,0.4625,0.462,N/A,N/A,,PASS,0.5,FAIL,0.2406,CHOP_MILD_BULL,PASS,0.6325,SKIP,0.5,SKIP,0.5,NEUTRAL,-0.0947,0.5,US,0.1337235116511782
2025-01-01 18:45:00,2025-01-02 00:45:00,LONG,TP1,1.5141,5.0,24,WIN,0.5661,True,0.1,BULLISH,0.7175,PASS,0.7083,0.8039,PASS,0.1238,PASS,0.5594,0.4625,0.462,N/A,N/A,,PASS,0.5,FAIL,0.2406,CHOP_MILD_BULL,PASS,0.6325,SKIP,0.5,SKIP,0.5,NEUTRAL,-0.0947,0.5,US,0.1337235116511782
2025-01-02 00:30:00,2025-01-02 04:45:00,LONG,TP1,0.9677,5.0,17,WIN,0.6423,True,0.1,BULLISH,0.7375,PASS,0.7083,0.7907,PASS,0.0552,PASS,0.5332,0.4625,0.462,N/A,N/A,,PASS,0.5,FAIL,0.2406,CHOP_MILD_BULL,PASS,0.6825,SKIP,0.5,SKIP,0.5,UP,0.2317,0.5,ASIAN,0.11823563399310175
2025-01-02 08:00:00,2025-01-02 09:15:00,LONG,TP1,0.3769,5.0,5,WIN,0.5745,True,0.1,BULLISH,0.7375,FAIL,0.15,0.5963,PASS,0.1066,PASS,0.4928,0.4625,0.462,N/A,N/A,,PASS,0.5,FAIL,0.2406,CHOP_MILD_BULL,PASS,0.6825,SKIP,0.5,SKIP,0.5,UP,0.2317,0.5,EU,0.11823563399310175
2025-01-02 09:45:00,2025-01-02 13:00:00,LONG,TP1,0.4054,5.0,13,WIN,0.5564,True,0.1,BULLISH,0.7375,FAIL,0.15,0.6,PASS,0.1301,PASS,0.79,0.4625,0.462,N/A,N/A,,PASS,0.5,FAIL,0.2406,CHOP_MILD_BULL,PASS,0.6825,SKIP,0.5,SKIP,0.5,UP,0.2317,0.5,EU,0.11823563399310175
2025-01-02 14:00:00,2025-01-02 14:30:00,LONG,TP1,0.4871,5.0,2,WIN,0.5651,True,0.1,BULLISH,0.7175,FAIL,0.15,0.6426,PASS,0.0552,PASS,0.8784,0.4625,0.462,N/A,N/A,,PASS,0.5,FAIL,0.2406,CHOP_MILD_BULL,PASS,0.6825,SKIP,0.5,SKIP,0.5,UP,0.2317,0.5,US_OPEN,0.11823563399310175
2025-01-02 14:30:00,2025-01-02 14:45:00,LONG,TP1,0.4841,5.0,1,WIN,0.5676,True,0.1,BULLISH,0.7375,FAIL,0.15,0.6696,PASS,0.0552,PASS,0.8296,0.4625,0.462,N/A,N/A,,PASS,0.5,FAIL,0.2406,CHOP_MILD_BULL,PASS,0.6825,SKIP,0.5,SKIP,0.5,UP,0.2317,0.5,US_OPEN,0.11823563399310175
2025-01-03 14:00:00,2025-01-03 14:15:00,LONG,TP1,0.4409,5.0,1,WIN,0.6105,True,0.1,NEUTRAL,0.5125,PASS,1.0,0.6182,PASS,0.2126,PASS,0.4897,0.4625,0.462,N/A,N/A,,PASS,0.5,FAIL,0.2406,CHOP_MILD_BULL,PASS,0.776,SKIP,0.5,SKIP,0.5,STRONG_UP,0.555,0.5,US_OPEN,0.1656495729128009
2025-01-03 14:30:00,2025-01-03 15:00:00,LONG,TP1,0.4372,5.0,2,WIN,0.6139,True,0.1,NEUTRAL,0.5125,PASS,1.0,0.7187,PASS,0.2126,PASS,0.8382,0.4625,0.462,N/A,N/A,,PASS,0.5,FAIL,0.2406,CHOP_MILD_BULL,PASS,0.776,SKIP,0.5,SKIP,0.5,STRONG_UP,0.555,0.5,US_OPEN,0.1656495729128009
2025-01-03 15:00:00,2025-01-03 15:30:00,LONG,TP1,0.5044,5.0,2,WIN,0.5774,True,0.1,NEUTRAL,0.5125,PASS,1.0,0.5424,PASS,0.2126,PASS,0.8382,0.4625,0.462,N/A,N/A,,PASS,0.5,FAIL,0.2406,CHOP_MILD_BULL,PASS,0.776,SKIP,0.5,SKIP,0.5,STRONG_UP,0.555,0.5,US_OPEN,0.1656495729128009
2025-01-03 15:30:00,2025-01-03 15:45:00,LONG,TP1,0.5017,5.0,1,WIN,0.5664,True,0.1,NEUTRAL,0.5125,PASS,1.0,0.4903,PASS,0.2126,PASS,0.8359,0.4625,0.462,N/A,N/A,,PASS,0.5,FAIL,0.2406,CHOP_MILD_BULL,PASS,0.776,SKIP,0.5,SKIP,0.5,STRONG_UP,0.555,0.5,US_OPEN,0.1656495729128009
2025-01-03 16:00:00,2025-01-03 18:30:00,LONG,TP1,0.5058,5.0,10,WIN,0.5603,True,0.1,NEUTRAL,0.5125,PASS,1.0,0.4917,PASS,0.1301,PASS,0.8359,0.4625,0.462,N/A,N/A,,PASS,0.5,FAIL,0.2406,CHOP_MILD_BULL,PASS,0.776,SKIP,0.5,SKIP,0.5,STRONG_UP,0.555,0.5,US,0.1656495729128009
2025-01-04 11:45:00,2025-01-04 12:15:00,LONG,TP1,0.2986,5.0,2,WIN,0.5801,True,0.1,NEUTRAL,0.5,PASS,1.0,0.6679,PASS,0.1301,PASS,0.5485,0.4625,0.462,N/A,N/A,,PASS,0.5,FAIL,0.2406,CHOP_MILD_BULL,PASS,0.776,SKIP,0.5,SKIP,0.5,STRONG_UP,0.5874,0.5,EU,0.1576011173632765
2025-01-05 04:45:00,2025-01-05 08:00:00,LONG,SL,-0.6737,5.0,13,LOSS,0.62,True,0.0,BEARISH,0.625,PASS,1.0,0.6073,PASS,0.0449,PASS,0.4439,0.4625,0.462,N/A,N/A,,PASS,0.5,PASS,0.5,NEUTRAL,PASS,0.776,SKIP,0.5,SKIP,0.5,STRONG_UP,0.5682,0.5,ASIAN,0.12472218394450088
2025-01-05 06:00:00,2025-01-05 08:15:00,LONG,SL,-0.6233,5.0,9,LOSS,0.6418,True,0.0,BEARISH,0.7375,PASS,1.0,0.6998,PASS,0.0463,PASS,0.4828,0.4625,0.462,N/A,N/A,,PASS,0.5,PASS,0.5,NEUTRAL,PASS,0.776,SKIP,0.5,SKIP,0.5,STRONG_UP,0.5682,0.5,ASIAN,0.12472218394450088
2025-01-09 13:15:00,2025-01-09 15:15:00,SHORT,SL,0.4645,5.0,8,WIN,0.5454,True,0.0,NEUTRAL,0.5125,PASS,0.7083,0.7276,PASS,0.0083,PASS,0.5315,0.4625,0.462,N/A,N/A,,PASS,0.5,PASS,0.5,NEUTRAL,PASS,0.506,SKIP,0.5,SKIP,0.5,STRONG_DOWN,-0.4892,0.5,EU,0.33362422787675106
2025-01-09 13:45:00,2025-01-09 14:00:00,SHORT,SL,-0.8057,5.0,1,LOSS,0.5263,True,0.0,NEUTRAL,0.5125,PASS,0.7083,0.6011,PASS,0.0087,PASS,0.5315,0.4625,0.462,N/A,N/A,,PASS,0.5,PASS,0.5,NEUTRAL,PASS,0.506,SKIP,0.5,SKIP,0.5,STRONG_DOWN,-0.4892,0.5,EU,0.33362422787675106
2025-01-09 16:15:00,2025-01-09 22:30:00,SHORT,SL,2.4379,5.0,25,WIN,0.5825,True,0.0,BULLISH,0.65,PASS,0.7083,0.7531,PASS,0.0044,PASS,0.4416,0.4625,0.462,N/A,N/A,,PASS,0.5,PASS,0.5,NEUTRAL,PASS,0.506,SKIP,0.5,SKIP,0.5,STRONG_DOWN,-0.4892,0.5,US,0.33362422787675106
2025-01-09 17:00:00,2025-01-09 21:15:00,SHORT,SL,2.5951,5.0,17,WIN,0.584,True,0.0,NEUTRAL,0.5125,PASS,0.7083,0.7465,PASS,0.0044,PASS,0.4416,0.4625,0.462,N/A,N/A,,PASS,0.5,PASS,0.5,NEUTRAL,PASS,0.506,SKIP,0.5,SKIP,0.5,STRONG_DOWN,-0.4892,0.5,US,0.33362422787675106
2025-01-09 17:30:00,2025-01-09 20:45:00,SHORT,SL,2.6054,5.0,13,WIN,0.5492,True,0.0,NEUTRAL,0.5125,PASS,0.7083,0.575,PASS,0.0043,PASS,0.3561,0.4625,0.462,N/A,N/A,,PASS,0.5,PASS,0.5,NEUTRAL,PASS,0.506,SKIP,0.5,SKIP,0.5,STRONG_DOWN,-0.4892,0.5,US,0.33362422787675106
2025-01-10 13:30:00,2025-01-10 14:15:00,SHORT,SL,-0.8,5.0,3,LOSS,0.5731,True,0.1,NEUTRAL,0.575,PASS,0.7083,0.9355,PASS,0.0087,PASS,0.6569,0.4625,0.462,N/A,N/A,,PASS,0.5,FAIL,0.2406,CHOP_MILD_BEAR,PASS,0.5435,SKIP,0.5,SKIP,0.5,STRONG_DOWN,-0.5521,0.5,EU,0.28619226072219284
2025-01-10 15:00:00,2025-01-10 15:15:00,SHORT,SL,-0.8,5.0,1,LOSS,0.5245,True,0.1,NEUTRAL,0.5125,PASS,0.7083,0.7143,PASS,0.0087,PASS,0.6144,0.4625,0.462,N/A,N/A,,PASS,0.5,FAIL,0.2406,CHOP_MILD_BEAR,PASS,0.5435,SKIP,0.5,SKIP,0.5,STRONG_DOWN,-0.5521,0.5,US_OPEN,0.28619226072219284
2025-01-11 08:00:00,2025-01-11 08:45:00,SHORT,TP1,0.4106,5.0,3,WIN,0.5996,True,0.1,BEARISH,0.6175,PASS,0.7083,0.7268,PASS,0.0086,PASS,0.4909,0.4625,0.462,N/A,N/A,,PASS,0.5,FAIL,0.2406,CHOP_MILD_BEAR,PASS,0.5435,SKIP,0.5,SKIP,0.5,STRONG_DOWN,-0.5513,0.5,EU,0.15885923702489665
2025-01-11 08:45:00,2025-01-11 10:00:00,SHORT,SL,-0.68,5.0,5,LOSS,0.571,True,0.1,BEARISH,0.6375,PASS,0.7083,0.6033,PASS,0.0087,PASS,0.487,0.4625,0.462,N/A,N/A,,PASS,0.5,FAIL,0.2406,CHOP_MILD_BEAR,PASS,0.5435,SKIP,0.5,SKIP,0.5,STRONG_DOWN,-0.5513,0.5,EU,0.15885923702489665
2025-01-11 12:45:00,2025-01-11 20:15:00,SHORT,EARLY_EXIT,-0.5445,5.0,30,LOSS,0.5161,True,0.06,BULLISH,0.6375,PASS,0.7083,0.6063,PASS,0.0044,PASS,0.5886,0.4625,0.462,N/A,N/A,,PASS,0.5,PASS,0.5,NEUTRAL,PASS,0.5435,FAIL,0.3,SKIP,0.5,STRONG_DOWN,-0.5513,0.5,EU,0.15885923702489665
2025-01-11 17:00:00,2025-01-11 20:15:00,SHORT,SL,-0.68,5.0,13,LOSS,0.5557,True,0.1,NEUTRAL,0.55,PASS,0.7083,0.8784,PASS,0.0044,PASS,0.5758,0.4625,0.462,N/A,N/A,,PASS,0.5,FAIL,0.2406,CHOP_MILD_BEAR,PASS,0.5435,SKIP,0.5,SKIP,0.5,STRONG_DOWN,-0.5513,0.5,US,0.15885923702489665
2025-01-12 12:30:00,2025-01-12 14:15:00,SHORT,SL,-0.68,5.0,7,LOSS,0.5566,True,0.1,NEUTRAL,0.55,PASS,0.7083,0.6238,PASS,0.552,PASS,0.7462,0.4625,0.462,N/A,N/A,,PASS,0.5,FAIL,0.2406,CHOP_MILD_BEAR,PASS,0.5435,SKIP,0.5,SKIP,0.5,STRONG_DOWN,-0.4651,0.5,EU,0.17503714966436268
2025-01-16 06:15:00,2025-01-16 08:45:00,LONG,SL,-1.8,5.0,10,LOSS,0.519,True,0.0,BEARISH,0.68,PASS,0.8333,0.5523,PASS,0.1647,PASS,0.6487,0.4625,0.462,N/A,N/A,,PASS,0.5,PASS,0.5,NEUTRAL,PASS,0.5985,SKIP,0.5,SKIP,0.5,NEUTRAL,-0.0437,0.5,ASIAN,0.21997909443539
2025-01-17 08:30:00,2025-01-17 08:45:00,LONG,TP1,0.5436,5.0,1,WIN,0.6141,True,0.1,NEUTRAL,0.5125,PASS,1.0,0.7107,PASS,0.1301,PASS,0.3667,0.4625,0.462,N/A,N/A,,PASS,0.5,FAIL,0.2406,CHOP_MILD_BULL,PASS,0.5985,SKIP,0.5,SKIP,0.5,UP,0.2739,0.5,EU,0.21486510851993026
2025-01-17 14:15:00,2025-01-17 15:00:00,LONG,TP1,0.4887,5.0,3,WIN,0.5139,True,0.1,NEUTRAL,0.55,PASS,1.0,0.5543,PASS,0.1301,PASS,0.605,0.4625,0.462,N/A,N/A,,PASS,0.5,FAIL,0.2406,CHOP_MILD_BULL,PASS,0.5985,SKIP,0.5,SKIP,0.5,UP,0.2739,0.5,US_OPEN,0.21486510851993026
2025-01-22 15:15:00,2025-01-23 03:00:00,SHORT,SL,1.5696,5.0,47,WIN,0.5808,True,0.05,NEUTRAL,0.525,PASS,1.0,0.6858,PASS,0.1301,PASS,0.479,0.4625,0.462,N/A,N/A,,PASS,0.5,PASS,0.5,NEUTRAL,FAIL,0.4375,SKIP,0.5,SKIP,0.5,DOWN,-0.3255,0.5,US_OPEN,0.1506252597262537
2025-01-22 16:00:00,2025-01-23 02:30:00,SHORT,SL,1.5273,5.0,42,WIN,0.5549,True,0.11,NEUTRAL,0.525,PASS,1.0,0.6765,PASS,0.1301,PASS,0.479,0.4625,0.462,N/A,N/A,,PASS,0.5,PASS,0.5,NEUTRAL,FAIL,0.4375,FAIL,0.3,SKIP,0.5,DOWN,-0.3255,0.5,US,0.1506252597262537
2025-01-27 13:15:00,2025-01-27 20:30:00,SHORT,SL,0.5372,5.0,29,WIN,0.5393,True,0.05,NEUTRAL,0.525,PASS,1.0,0.6712,PASS,0.0087,PASS,0.7235,0.4625,0.462,N/A,N/A,,PASS,0.5,PASS,0.5,NEUTRAL,FAIL,0.45,SKIP,0.5,SKIP,0.5,STRONG_DOWN,-0.4151,0.5,EU,0.27044629136675213
2025-01-28 14:00:00,2025-01-28 15:00:00,SHORT,SL,-0.8,5.0,4,LOSS,0.587,True,0.1,NEUTRAL,0.525,PASS,1.0,0.8783,PASS,0.0044,PASS,0.4419,0.4625,0.462,N/A,N/A,,PASS,0.5,FAIL,0.2406,CHOP_MILD_BEAR,PASS,0.5435,SKIP,0.5,SKIP,0.5,STRONG_DOWN,-0.5971,0.5,US_OPEN,0.21910547920295534
2025-01-28 14:45:00,2025-01-28 15:15:00,SHORT,SL,-0.8,5.0,2,LOSS,0.5366,True,0.1,NEUTRAL,0.525,PASS,1.0,0.6332,PASS,0.0044,PASS,0.4477,0.4625,0.462,N/A,N/A,,PASS,0.5,FAIL,0.2406,CHOP_MILD_BEAR,PASS,0.5435,SKIP,0.5,SKIP,0.5,STRONG_DOWN,-0.5971,0.5,US_OPEN,0.21910547920295534
2025-01-29 04:00:00,2025-01-29 08:00:00,SHORT,EARLY_EXIT,-0.8171,5.0,16,LOSS,0.5391,True,0.0,NEUTRAL,0.525,PASS,1.0,0.6678,PASS,0.1026,PASS,0.6339,0.4625,0.462,N/A,N/A,,PASS,0.5,PASS,0.5,NEUTRAL,PASS,0.4875,SKIP,0.5,SKIP,0.5,STRONG_DOWN,-0.5045,0.5,ASIAN,0.21146378476419087
2025-01-29 04:45:00,2025-01-29 08:45:00,SHORT,EARLY_EXIT,-0.7419,5.0,16,LOSS,0.5265,True,0.0,NEUTRAL,0.525,PASS,1.0,0.6123,PASS,0.1007,PASS,0.6183,0.4625,0.462,N/A,N/A,,PASS,0.5,PASS,0.5,NEUTRAL,PASS,0.4875,SKIP,0.5,SKIP,0.5,STRONG_DOWN,-0.5045,0.5,ASIAN,0.21146378476419087
2025-01-31 00:00:00,2025-01-31 04:00:00,LONG,EARLY_EXIT,-0.3676,5.0,16,LOSS,0.6077,True,0.0,NEUTRAL,0.5,PASS,0.8333,0.5067,PASS,0.5337,PASS,0.4664,0.4625,0.462,N/A,N/A,,PASS,0.5,PASS,0.5,NEUTRAL,PASS,0.6325,SKIP,0.5,SKIP,0.5,NEUTRAL,0.0736,0.5,ASIAN,0.1593409695449059
2025-01-31 00:30:00,2025-01-31 04:30:00,LONG,EARLY_EXIT,-1.0816,5.0,16,LOSS,0.5617,True,0.0,NEUTRAL,0.5,PASS,0.8333,0.4401,PASS,0.584,PASS,0.5267,0.4625,0.462,N/A,N/A,,PASS,0.5,PASS,0.5,NEUTRAL,PASS,0.6325,SKIP,0.5,SKIP,0.5,NEUTRAL,0.0736,0.5,ASIAN,0.1593409695449059
2025-02-01 21:45:00,2025-02-02 00:30:00,SHORT,SL,0.1058,5.0,11,WIN,0.5276,True,0.06,BEARISH,0.6375,FAIL,0.15,0.5363,PASS,0.1301,PASS,0.7832,0.4625,0.462,N/A,N/A,,PASS,0.5,PASS,0.5,NEUTRAL,PASS,0.506,FAIL,0.15,SKIP,0.5,DOWN,-0.3282,0.5,US,0.17169038368161257
2025-02-01 23:15:00,2025-02-02 00:30:00,SHORT,SL,-1.0163,5.0,5,LOSS,0.5552,True,0.06,BEARISH,0.6375,FAIL,0.15,0.5619,PASS,0.1301,PASS,0.7819,0.4625,0.462,N/A,N/A,,PASS,0.5,PASS,0.5,NEUTRAL,PASS,0.506,FAIL,0.3,SKIP,0.5,DOWN,-0.3282,0.5,LATE_US,0.17169038368161257
2025-02-07 15:15:00,2025-02-07 15:45:00,SHORT,TP1,0.928,5.0,2,WIN,0.5741,True,0.1,NEUTRAL,0.5,PASS,1.0,0.6584,PASS,0.1169,PASS,0.2772,0.4625,0.462,N/A,N/A,,PASS,0.5,FAIL,0.2406,CHOP_MILD_BEAR,PASS,0.596,SKIP,0.5,SKIP,0.5,STRONG_DOWN,-0.8283,0.5,US_OPEN,0.3561462358737747
2025-02-08 01:00:00,2025-02-08 07:45:00,SHORT,SL,0.4776,5.0,27,WIN,0.5353,True,0.0,NEUTRAL,0.55,PASS,1.0,0.5273,PASS,0.0083,PASS,0.7585,0.4625,0.462,N/A,N/A,,PASS,0.5,PASS,0.5,NEUTRAL,PASS,0.596,SKIP,0.5,SKIP,0.5,STRONG_DOWN,-0.8411,0.5,ASIAN,0.2976861318640501
2025-02-09 17:15:00,2025-02-09 19:45:00,SHORT,TP1,1.1599,5.0,10,WIN,0.5505,True,0.1,NEUTRAL,0.575,PASS,1.0,0.8023,PASS,0.2126,PASS,0.5017,0.4625,0.462,N/A,N/A,,PASS,0.5,FAIL,0.2406,CHOP_MILD_BEAR,PASS,0.54,SKIP,0.5,SKIP,0.5,STRONG_DOWN,-0.8176,0.5,US,0.3050906139949083
2025-02-11 19:30:00,2025-02-11 20:30:00,SHORT,SL,-0.8,5.0,4,LOSS,0.534,True,0.1,BEARISH,0.7375,PASS,1.0,0.6,PASS,0.1301,PASS,0.9228,0.4625,0.462,N/A,N/A,,PASS,0.5,FAIL,0.2406,CHOP_MILD_BEAR,PASS,0.5585,SKIP,0.5,SKIP,0.5,STRONG_DOWN,-0.6442,0.5,US,0.3206904972660316
2025-02-13 11:15:00,2025-02-13 11:30:00,SHORT,TP1,0.5328,5.0,1,WIN,0.5688,True,0.1,BEARISH,0.6375,PASS,0.8333,0.7847,PASS,0.1094,PASS,0.4918,0.4625,0.462,N/A,N/A,,PASS,0.5,FAIL,0.2406,CHOP_MILD_BEAR,PASS,0.5025,SKIP,0.5,SKIP,0.5,STRONG_DOWN,-0.5079,0.5,EU,0.24058431969411456
2025-02-24 12:45:00,2025-02-24 13:30:00,SHORT,SL,-0.5502,5.0,3,LOSS,0.5667,True,0.1,BEARISH,0.675,FAIL,0.15,0.4957,PASS,0.0485,PASS,0.7921,0.4625,0.462,N/A,N/A,,PASS,0.5,FAIL,0.2406,CHOP_MILD_BEAR,PASS,0.7235,SKIP,0.5,SKIP,0.5,STRONG_DOWN,-0.702,0.5,EU,0.3816958816307506
2025-02-26 08:00:00,2025-02-26 09:30:00,SHORT,SL,-0.8,5.0,6,LOSS,0.6103,True,0.1,NEUTRAL,0.575,PASS,1.0,0.7265,PASS,0.0044,PASS,0.2615,0.4625,0.462,N/A,N/A,,PASS,0.5,FAIL,0.2406,CHOP_MILD_BEAR,PASS,0.72,PASS,0.68,SKIP,0.5,STRONG_DOWN,-0.8987,0.5,EU,0.4271019389287215
2025-02-26 15:00:00,2025-02-26 17:15:00,SHORT,TP1,2.7718,5.0,9,WIN,0.6458,True,0.1,NEUTRAL,0.55,PASS,1.0,0.6648,PASS,0.0087,PASS,0.3444,0.4625,0.462,N/A,N/A,,PASS,0.5,FAIL,0.2406,CHOP_MILD_BEAR,PASS,0.72,SKIP,0.5,SKIP,0.5,STRONG_DOWN,-0.8987,0.5,US_OPEN,0.4271019389287215
2025-02-27 11:30:00,2025-02-27 13:45:00,SHORT,TP1,0.8405,5.0,9,WIN,0.6147,True,0.1,NEUTRAL,0.525,PASS,1.0,0.8727,PASS,0.0086,PASS,0.7487,0.4625,0.462,N/A,N/A,,PASS,0.5,FAIL,0.2406,CHOP_MILD_BEAR,PASS,0.7725,SKIP,0.5,SKIP,0.5,STRONG_DOWN,-0.9189,0.5,EU,0.38345300335976934
2025-02-27 12:00:00,2025-02-27 13:45:00,SHORT,SL,-0.8,5.0,7,LOSS,0.5925,True,0.1,BULLISH,0.5875,PASS,1.0,0.7336,PASS,0.0087,PASS,0.7487,0.4625,0.462,N/A,N/A,,PASS,0.5,FAIL,0.2406,CHOP_MILD_BEAR,PASS,0.7725,SKIP,0.5,SKIP,0.5,STRONG_DOWN,-0.9189,0.5,EU,0.38345300335976934
2025-02-27 16:30:00,2025-02-27 18:00:00,SHORT,SL,-0.8,5.0,6,LOSS,0.5516,True,0.1,BEARISH,0.6375,PASS,1.0,0.5692,PASS,0.0044,PASS,0.6187,0.4625,0.462,N/A,N/A,,PASS,0.5,FAIL,0.2406,CHOP_MILD_BEAR,PASS,0.7725,SKIP,0.5,SKIP,0.5,STRONG_DOWN,-0.9189,0.5,US,0.38345300335976934
2025-02-27 19:30:00,2025-02-27 20:00:00,SHORT,TP1,0.9336,5.0,2,WIN,0.5721,True,0.1,NEUTRAL,0.5125,PASS,1.0,0.6857,PASS,0.0039,PASS,0.5622,0.4625,0.462,N/A,N/A,,PASS,0.5,FAIL,0.2406,CHOP_MILD_BEAR,PASS,0.7725,SKIP,0.5,SKIP,0.5,STRONG_DOWN,-0.9189,0.5,US,0.38345300335976934
2025-02-27 20:00:00,2025-02-27 20:45:00,SHORT,TP1,1.0028,5.0,3,WIN,0.5396,True,0.1,NEUTRAL,0.5125,PASS,1.0,0.5291,PASS,0.0044,PASS,0.5622,0.4625,0.462,N/A,N/A,,PASS,0.5,FAIL,0.2406,CHOP_MILD_BEAR,PASS,0.7725,SKIP,0.5,SKIP,0.5,STRONG_DOWN,-0.9189,0.5,US,0.38345300335976934
2025-03-01 12:00:00,2025-03-01 16:30:00,SHORT,EARLY_EXIT,-0.577,5.0,18,LOSS,0.586,True,0.1,BEARISH,0.6375,PASS,1.0,0.6117,PASS,0.2126,PASS,0.619,0.4625,0.462,N/A,N/A,,PASS,0.5,FAIL,0.2406,CHOP_MILD_BEAR,PASS,0.81,SKIP,0.5,SKIP,0.5,STRONG_DOWN,-0.967,0.5,EU,0.3581540794622018
2025-03-01 12:45:00,2025-03-01 16:30:00,SHORT,SL,-0.5857,5.0,15,LOSS,0.5794,True,0.1,BEARISH,0.6375,PASS,1.0,0.583,PASS,0.2126,PASS,0.6092,0.4625,0.462,N/A,N/A,,PASS,0.5,FAIL,0.2406,CHOP_MILD_BEAR,PASS,0.81,SKIP,0.5,SKIP,0.5,STRONG_DOWN,-0.967,0.5,EU,0.3581540794622018
2025-03-01 13:30:00,2025-03-01 15:00:00,SHORT,SL,-0.8,5.0,6,LOSS,0.5734,True,0.1,BEARISH,0.6375,PASS,1.0,0.405,PASS,0.2126,PASS,0.469,0.4625,0.462,N/A,N/A,,PASS,0.5,FAIL,0.2406,CHOP_MILD_BEAR,PASS,0.81,SKIP,0.5,SKIP,0.5,STRONG_DOWN,-0.967,0.5,EU,0.3581540794622018
2025-04-02 10:00:00,2025-04-02 15:15:00,SHORT,EARLY_EXIT,-0.5125,5.0,21,LOSS,0.5929,True,0.0,BEARISH,0.625,PASS,0.8333,0.5438,PASS,0.1301,PASS,0.555,0.4625,0.462,N/A,N/A,,PASS,0.5,PASS,0.5,NEUTRAL,PASS,0.776,SKIP,0.5,SKIP,0.5,STRONG_DOWN,-0.7305,0.5,EU,0.4102345789983424
2025-04-02 10:30:00,2025-04-02 15:00:00,SHORT,EARLY_EXIT,-0.3583,5.0,18,LOSS,0.608,True,0.0,BEARISH,0.625,PASS,0.8333,0.618,PASS,0.13,PASS,0.5506,0.4625,0.462,N/A,N/A,,PASS,0.5,PASS,0.5,NEUTRAL,PASS,0.776,SKIP,0.5,SKIP,0.5,STRONG_DOWN,-0.7305,0.5,EU,0.4102345789983424
2025-04-03 12:15:00,2025-04-03 13:30:00,SHORT,SL,0.6219,5.0,5,WIN,0.5266,True,0.06,BEARISH,0.6375,PASS,1.0,0.4597,PASS,0.0367,PASS,0.5616,0.4625,0.462,N/A,N/A,,PASS,0.5,PASS,0.5,NEUTRAL,PASS,0.776,FAIL,0.15,SKIP,0.5,STRONG_DOWN,-0.7029,0.5,EU,0.30648888473882396
2025-04-03 12:45:00,2025-04-03 13:30:00,SHORT,SL,-1.8,5.0,3,LOSS,0.5557,True,0.06,BEARISH,0.6375,PASS,1.0,0.6,PASS,0.0367,PASS,0.5616,0.4625,0.462,N/A,N/A,,PASS,0.5,PASS,0.5,NEUTRAL,PASS,0.776,FAIL,0.15,SKIP,0.5,STRONG_DOWN,-0.7029,0.5,EU,0.30648888473882396
2025-05-01 09:45:00,2025-05-01 10:15:00,SHORT,SL,-1.1746,5.0,2,LOSS,0.646,True,0.05,NEUTRAL,0.525,PASS,0.7083,0.5085,PASS,0.7376,PASS,0.5115,0.4625,0.462,N/A,N/A,,PASS,0.5,PASS,0.5,NEUTRAL,FAIL,0.2975,PASS,0.68,SKIP,0.5,NEUTRAL,0.1169,0.5,EU,0.23388098305501198
2025-06-01 19:00:00,2025-06-01 19:45:00,LONG,TP1,0.3151,5.0,3,WIN,0.5604,True,0.1,NEUTRAL,0.55,PASS,0.7083,0.5949,PASS,0.1301,PASS,0.4432,0.4625,0.462,N/A,N/A,,PASS,0.5,FAIL,0.2406,CHOP_MILD_BULL,PASS,0.6325,SKIP,0.5,SKIP,0.5,UP,0.2903,0.5,US,0.1558014036321492
2025-06-03 19:30:00,2025-06-03 22:30:00,LONG,EARLY_EXIT,-0.4945,5.0,12,LOSS,0.5654,True,0.0,NEUTRAL,0.5125,PASS,1.0,0.5563,PASS,0.0975,PASS,0.6838,0.4625,0.462,N/A,N/A,,PASS,0.5,PASS,0.5,NEUTRAL,PASS,0.6325,SKIP,0.5,SKIP,0.5,STRONG_UP,0.4027,0.5,US,0.21815805947162065
2025-06-04 08:15:00,2025-06-04 11:15:00,LONG,EARLY_EXIT,-0.244,5.0,12,LOSS,0.6117,True,0.1,NEUTRAL,0.5125,PASS,1.0,0.6643,PASS,0.1868,PASS,0.4471,0.4625,0.462,N/A,N/A,,PASS,0.5,FAIL,0.2406,CHOP_MILD_BULL,PASS,0.6325,SKIP,0.5,SKIP,0.5,STRONG_UP,0.5064,0.5,EU,0.24070718061545196
2025-06-07 09:00:00,2025-06-08 03:00:00,LONG,SL,1.4027,5.0,72,WIN,0.5535,True,0.0,NEUTRAL,0.525,PASS,0.7083,0.7613,PASS,0.1132,PASS,0.6456,0.4625,0.462,N/A,N/A,,PASS,0.5,PASS,0.5,NEUTRAL,PASS,0.58,SKIP,0.5,SKIP,0.5,UP,0.1752,0.5,EU,0.10108690490489498
2025-06-07 11:15:00,2025-06-08 03:00:00,LONG,SL,1.0166,5.0,63,WIN,0.5628,True,0.0,NEUTRAL,0.525,PASS,0.7083,0.8258,PASS,0.1225,PASS,0.5706,0.4625,0.462,N/A,N/A,,PASS,0.5,PASS,0.5,NEUTRAL,PASS,0.58,SKIP,0.5,SKIP,0.5,UP,0.1752,0.5,EU,0.10108690490489498
2025-06-08 13:00:00,2025-06-08 14:00:00,LONG,SL,0.1581,5.0,4,WIN,0.5132,True,0.0,NEUTRAL,0.5,PASS,0.7083,0.6431,PASS,0.0087,PASS,0.5271,0.4625,0.462,N/A,N/A,,PASS,0.5,PASS,0.5,NEUTRAL,PASS,0.58,SKIP,0.5,SKIP,0.5,UP,0.2109,0.5,EU,0.09204986360978024
2025-06-09 17:00:00,2025-06-09 21:45:00,LONG,TP3,1.8518,5.0,19,WIN,0.5829,True,0.0,BULLISH,0.6375,FAIL,0.15,0.539,PASS,0.2126,PASS,0.8582,0.4625,0.462,N/A,N/A,,PASS,0.5,PASS,0.5,NEUTRAL,PASS,0.636,SKIP,0.5,SKIP,0.5,STRONG_UP,0.6641,0.5,US,0.27271279888042155
2025-06-09 18:30:00,2025-06-09 22:15:00,LONG,TP3,1.7033,5.0,15,WIN,0.5806,True,0.0,BULLISH,0.6375,FAIL,0.15,0.5525,PASS,0.1205,PASS,0.8896,0.4625,0.462,N/A,N/A,,PASS,0.5,PASS,0.5,NEUTRAL,PASS,0.636,SKIP,0.5,SKIP,0.5,STRONG_UP,0.6641,0.5,US,0.27271279888042155
2025-06-09 21:00:00,2025-06-10 00:15:00,LONG,TP3,1.5751,5.0,13,WIN,0.615,True,0.06,BULLISH,0.6375,FAIL,0.15,0.6,PASS,0.1301,PASS,0.6106,0.4625,0.462,N/A,N/A,,PASS,0.5,PASS,0.5,NEUTRAL,PASS,0.636,FAIL,0.3,SKIP,0.5,STRONG_UP,0.6641,0.5,US,0.27271279888042155
2025-06-10 00:15:00,2025-06-10 03:15:00,LONG,EARLY_EXIT,-1.3324,5.0,12,LOSS,0.6324,True,0.0,BULLISH,0.6375,PASS,1.0,0.6,PASS,0.1301,PASS,0.9841,0.4625,0.462,N/A,N/A,,PASS,0.5,PASS,0.5,NEUTRAL,PASS,0.776,SKIP,0.5,SKIP,0.5,STRONG_UP,0.8531,0.5,ASIAN,0.4696386973295964
2025-06-15 21:00:00,2025-06-17 15:00:00,LONG,SL,0.6017,5.0,168,WIN,0.5949,True,0.0,NEUTRAL,0.5125,PASS,0.7083,0.4954,PASS,0.1301,PASS,0.4762,0.4625,0.462,N/A,N/A,,PASS,0.5,PASS,0.5,NEUTRAL,PASS,0.6825,SKIP,0.5,SKIP,0.5,NEUTRAL,0.1102,0.5,US,0.07082237350197068
2025-06-28 14:00:00,2025-06-28 15:45:00,LONG,TP1,0.2068,5.0,7,WIN,0.5801,True,0.1,BULLISH,0.63,FAIL,0.15,0.7221,PASS,0.0123,PASS,0.6905,0.4625,0.462,N/A,N/A,,PASS,0.5,FAIL,0.2406,CHOP_MILD_BULL,PASS,0.7385,SKIP,0.5,SKIP,0.5,UP,0.156,0.5,US_OPEN,0.06242509066281304
2025-06-29 08:00:00,2025-06-29 08:30:00,LONG,TP1,0.1917,5.0,2,WIN,0.6023,True,0.1,NEUTRAL,0.525,FAIL,0.15,0.7473,PASS,0.2126,PASS,0.5671,0.4625,0.462,N/A,N/A,,PASS,0.5,FAIL,0.2406,CHOP_MILD_BULL,PASS,0.776,SKIP,0.5,SKIP,0.5,UP,0.3797,0.5,EU,0.09122484090718838
2025-06-29 10:00:00,2025-06-29 11:45:00,LONG,TP1,0.2338,5.0,7,WIN,0.6497,True,0.1,BULLISH,0.6375,FAIL,0.15,0.7138,PASS,0.1301,PASS,0.7882,0.4625,0.462,N/A,N/A,,PASS,0.5,FAIL,0.2406,CHOP_MILD_BULL,PASS,0.776,SKIP,0.5,SKIP,0.5,UP,0.3797,0.5,EU,0.09122484090718838
2025-06-30 16:45:00,2025-06-30 19:15:00,LONG,TP1,1.1321,5.0,10,WIN,0.566,True,0.1,BEARISH,0.6,PASS,1.0,0.7296,PASS,0.1301,PASS,0.536,0.4625,0.462,N/A,N/A,,PASS,0.5,FAIL,0.2406,CHOP_MILD_BULL,PASS,0.6825,SKIP,0.5,SKIP,0.5,UP,0.1724,0.5,US,0.12084425733954535
2025-07-03 20:15:00,2025-07-03 23:15:00,LONG,EARLY_EXIT,-0.2451,5.0,12,LOSS,0.5679,True,0.1,NEUTRAL,0.575,PASS,1.0,0.6215,PASS,0.0361,PASS,0.6515,0.4625,0.462,N/A,N/A,,PASS,0.5,FAIL,0.2406,CHOP_MILD_BULL,PASS,0.776,SKIP,0.5,SKIP,0.5,STRONG_UP,0.4646,0.5,US,0.22578183250156303
2025-07-05 14:00:00,2025-07-05 17:00:00,LONG,EARLY_EXIT,-0.4544,5.0,12,LOSS,0.6085,True,0.0,NEUTRAL,0.575,PASS,0.8333,0.6342,PASS,0.0058,PASS,0.399,0.4625,0.462,N/A,N/A,,PASS,0.5,PASS,0.5,NEUTRAL,PASS,0.6825,SKIP,0.5,SKIP,0.5,UP,0.3056,0.5,US_OPEN,0.06822260398914871
2025-07-07 08:30:00,2025-07-07 10:00:00,LONG,SL,-0.68,5.0,6,LOSS,0.6233,True,0.1,NEUTRAL,0.5125,PASS,1.0,0.6612,PASS,0.1272,PASS,0.4427,0.4625,0.462,N/A,N/A,,PASS,0.5,FAIL,0.2406,CHOP_MILD_BULL,PASS,0.6825,SKIP,0.5,SKIP,0.5,UP,0.2135,0.5,EU,0.13493011991292156
2025-08-06 14:45:00,2025-08-06 15:00:00,LONG,SL,-0.4095,5.0,1,LOSS,0.5458,True,0.1,NEUTRAL,0.5,FAIL,0.15,0.6263,PASS,0.2126,PASS,0.2515,0.4625,0.462,N/A,N/A,,PASS,0.5,FAIL,0.2406,CHOP_MILD_BULL,PASS,0.53,SKIP,0.5,SKIP,0.5,STRONG_UP,0.4321,0.5,US_OPEN,0.1887251308237725
2025-08-06 15:45:00,2025-08-06 17:00:00,LONG,SL,-0.68,5.0,5,LOSS,0.5765,True,0.1,NEUTRAL,0.525,FAIL,0.15,0.6579,PASS,0.2126,PASS,0.7348,0.4625,0.462,N/A,N/A,,PASS,0.5,FAIL,0.2406,CHOP_MILD_BULL,PASS,0.53,SKIP,0.5,SKIP,0.5,STRONG_UP,0.4321,0.5,US_OPEN,0.1887251308237725
2025-09-10 21:00:00,2025-09-11 12:00:00,LONG,TP3,1.3634,5.0,60,WIN,0.5537,True,0.05,BEARISH,0.6375,FAIL,0.15,0.6268,PASS,0.5198,PASS,0.6739,0.4625,0.462,N/A,N/A,,PASS,0.5,PASS,0.5,NEUTRAL,FAIL,0.4185,SKIP,0.5,SKIP,0.5,UP,0.2806,0.5,US,0.14207839953474838
2025-09-17 18:15:00,2025-09-17 19:30:00,LONG,SL,0.1379,5.0,5,WIN,0.63,True,0.0,NEUTRAL,0.575,PASS,0.8333,0.9277,PASS,0.006,PASS,0.5341,0.4625,0.462,N/A,N/A,,PASS,0.5,PASS,0.5,NEUTRAL,PASS,0.7235,SKIP,0.5,SKIP,0.5,STRONG_UP,0.4141,0.5,US,0.24115038773382907
2025-09-20 19:15:00,2025-09-21 04:00:00,LONG,EARLY_EXIT,-0.2617,5.0,35,LOSS,0.584,True,0.0,BULLISH,0.625,PASS,0.7083,0.6174,PASS,0.2126,PASS,0.4463,0.4625,0.462,N/A,N/A,,PASS,0.5,PASS,0.5,NEUTRAL,PASS,0.49,SKIP,0.5,SKIP,0.5,UP,0.2147,0.5,US,0.07029161551823869
2025-09-20 21:00:00,2025-09-21 00:15:00,LONG,EARLY_EXIT,-0.3257,5.0,13,LOSS,0.589,True,0.0,BULLISH,0.7375,PASS,0.7083,0.6746,PASS,0.0963,PASS,0.4798,0.4625,0.462,N/A,N/A,,PASS,0.5,PASS,0.5,NEUTRAL,PASS,0.49,SKIP,0.5,SKIP,0.5,UP,0.2147,0.5,US,0.07029161551823869
2025-09-22 01:45:00,2025-09-22 06:00:00,SHORT,TP3,1.2348,5.0,17,WIN,0.5896,True,0.0,BEARISH,0.6375,PASS,0.7083,0.6184,PASS,0.1301,PASS,0.9606,0.4625,0.462,N/A,N/A,,PASS,0.5,PASS,0.5,NEUTRAL,PASS,0.596,SKIP,0.5,SKIP,0.5,DOWN,-0.3712,0.5,ASIAN,0.36239630586758126
2025-09-24 13:30:00,2025-09-24 13:45:00,SHORT,TP1,0.3939,5.0,1,WIN,0.5946,True,0.1,NEUTRAL,0.575,PASS,0.7083,0.9286,PASS,0.2126,PASS,0.5629,0.4625,0.462,N/A,N/A,,PASS,0.5,FAIL,0.2406,CHOP_MILD_BEAR,PASS,0.596,SKIP,0.5,SKIP,0.5,STRONG_DOWN,-0.4722,0.5,EU,0.26272755394015446
2025-09-24 21:45:00,2025-09-25 02:30:00,SHORT,SL,0.8621,5.0,19,WIN,0.6281,True,0.0,BULLISH,0.6,PASS,0.7083,0.8036,PASS,0.1301,PASS,0.453,0.4625,0.462,N/A,N/A,,PASS,0.5,PASS,0.5,NEUTRAL,PASS,0.596,SKIP,0.5,SKIP,0.5,STRONG_DOWN,-0.4722,0.5,US,0.26272755394015446
2025-09-24 23:00:00,2025-09-25 02:15:00,SHORT,TP3,0.9896,5.0,13,WIN,0.6032,True,0.0,NEUTRAL,0.575,PASS,0.7083,0.6902,PASS,0.1301,PASS,0.4157,0.4625,0.462,N/A,N/A,,PASS,0.5,PASS,0.5,NEUTRAL,PASS,0.596,SKIP,0.5,SKIP,0.5,STRONG_DOWN,-0.4722,0.5,LATE_US,0.26272755394015446
2025-09-25 00:45:00,2025-09-25 02:30:00,SHORT,SL,0.8426,5.0,7,WIN,0.6181,True,0.0,NEUTRAL,0.5125,PASS,0.7083,0.7375,PASS,0.1301,PASS,0.4019,0.4625,0.462,N/A,N/A,,PASS,0.5,PASS,0.5,NEUTRAL,PASS,0.596,SKIP,0.5,SKIP,0.5,STRONG_DOWN,-0.5582,0.5,ASIAN,0.5573164719998392
2025-09-26 04:00:00,2025-09-26 13:45:00,SHORT,SL,0.7858,5.0,39,WIN,0.5764,True,0.0,BULLISH,0.7,PASS,0.7083,0.6105,PASS,0.0034,PASS,0.5219,0.4625,0.462,N/A,N/A,,PASS,0.5,PASS,0.5,NEUTRAL,PASS,0.7235,SKIP,0.5,SKIP,0.5,STRONG_DOWN,-0.5205,0.5,ASIAN,0.32849610258697554
2025-09-26 05:15:00,2025-09-26 12:30:00,SHORT,SL,0.7008,5.0,29,WIN,0.5861,True,0.0,BULLISH,0.675,PASS,0.7083,0.5944,PASS,0.168,PASS,0.6336,0.4625,0.462,N/A,N/A,,PASS,0.5,PASS,0.5,NEUTRAL,PASS,0.7235,SKIP,0.5,SKIP,0.5,STRONG_DOWN,-0.5205,0.5,ASIAN,0.32849610258697554
2025-09-27 16:15:00,2025-09-27 22:00:00,SHORT,EARLY_EXIT,-0.2675,5.0,23,LOSS,0.6273,True,0.1,BULLISH,0.5875,PASS,0.7083,0.6968,PASS,0.193,PASS,0.3902,0.4625,0.462,N/A,N/A,,PASS,0.5,FAIL,0.2406,CHOP_MILD_BEAR,PASS,0.7235,PASS,0.68,SKIP,0.5,STRONG_DOWN,-0.5439,0.5,US,0.19989818155019842
2025-09-27 17:15:00,2025-09-27 17:45:00,SHORT,SL,-0.28,5.0,2,LOSS,0.638,True,0.1,NEUTRAL,0.5,PASS,0.7083,0.6462,PASS,0.2126,PASS,0.3847,0.4625,0.462,N/A,N/A,,PASS,0.5,FAIL,0.2406,CHOP_MILD_BEAR,PASS,0.7235,SKIP,0.5,SKIP,0.5,STRONG_DOWN,-0.5439,0.5,US,0.19989818155019842
2025-09-28 12:30:00,2025-09-28 15:30:00,SHORT,EARLY_EXIT,-1.2569,5.0,12,LOSS,0.6104,True,0.0,BEARISH,0.7375,PASS,0.7083,0.7175,PASS,0.0552,PASS,0.5613,0.4625,0.462,N/A,N/A,,PASS,0.5,PASS,0.5,NEUTRAL,PASS,0.7235,SKIP,0.5,SKIP,0.5,DOWN,-0.2639,0.5,EU,0.15402410248643783
2025-09-28 15:00:00,2025-09-28 18:00:00,SHORT,EARLY_EXIT,-0.4013,5.0,12,LOSS,0.5602,True,0.0,NEUTRAL,0.575,PASS,0.7083,0.7129,PASS,0.0552,PASS,0.8308,0.4625,0.462,N/A,N/A,,PASS,0.5,PASS,0.5,NEUTRAL,PASS,0.7235,SKIP,0.5,SKIP,0.5,DOWN,-0.2639,0.5,US_OPEN,0.15402410248643783
2025-10-03 14:45:00,2025-10-03 15:30:00,LONG,TP1,0.4739,5.0,3,WIN,0.5726,True,0.1,NEUTRAL,0.575,PASS,1.0,0.7664,PASS,0.1301,PASS,0.5337,0.4625,0.462,N/A,N/A,,PASS,0.5,FAIL,0.2406,CHOP_MILD_BULL,PASS,0.686,SKIP,0.5,SKIP,0.5,STRONG_UP,0.6593,0.5,US_OPEN,0.2593031506521999
2025-10-05 11:15:00,2025-10-05 15:30:00,LONG,EARLY_EXIT,-0.4487,5.0,17,LOSS,0.5772,True,0.0,NEUTRAL,0.525,PASS,1.0,0.6827,PASS,0.124,PASS,0.6181,0.4625,0.462,N/A,N/A,,PASS,0.5,PASS,0.5,NEUTRAL,PASS,0.5835,SKIP,0.5,SKIP,0.5,STRONG_UP,0.6106,0.5,EU,0.26355413887068946
2025-10-06 12:15:00,2025-10-06 15:15:00,LONG,TP3,1.0514,5.0,12,WIN,0.5801,True,0.0,BULLISH,0.6375,PASS,1.0,0.5268,PASS,0.128,PASS,0.6309,0.4625,0.462,N/A,N/A,,PASS,0.5,PASS,0.5,NEUTRAL,PASS,0.72,SKIP,0.5,SKIP,0.5,STRONG_UP,0.72,0.5,EU,0.3097027261204815
2025-10-06 13:30:00,2025-10-06 19:45:00,LONG,TP3,1.1988,5.0,25,WIN,0.6301,True,0.0,BULLISH,0.6375,PASS,1.0,0.7688,PASS,0.1301,PASS,0.6258,0.4625,0.462,N/A,N/A,,PASS,0.5,PASS,0.5,NEUTRAL,PASS,0.72,SKIP,0.5,SKIP,0.5,STRONG_UP,0.72,0.5,EU,0.3097027261204815
2025-10-06 14:15:00,2025-10-06 15:30:00,LONG,SL,0.273,5.0,5,WIN,0.5944,True,0.0,BULLISH,0.6375,PASS,1.0,0.4848,PASS,0.1301,PASS,0.9837,0.4625,0.462,N/A,N/A,,PASS,0.5,PASS,0.5,NEUTRAL,PASS,0.72,SKIP,0.5,SKIP,0.5,STRONG_UP,0.72,0.5,US_OPEN,0.3097027261204815
2025-10-14 16:15:00,2025-10-14 16:30:00,LONG,TP1,0.2461,5.0,1,WIN,0.622,True,0.15000000000000002,BULLISH,0.6375,PASS,0.7083,0.6837,PASS,0.1301,PASS,0.4994,0.4625,0.462,N/A,N/A,,PASS,0.5,FAIL,0.2406,CHOP_MILD_BULL,FAIL,0.4475,PASS,0.68,SKIP,0.5,DOWN,-0.2071,0.5,US,0.26797670957091957
2025-10-21 12:45:00,2025-10-21 14:00:00,SHORT,SL,0.3119,5.0,5,WIN,0.6053,True,0.0,NEUTRAL,0.525,PASS,1.0,0.705,PASS,0.1301,PASS,0.6899,0.4625,0.462,N/A,N/A,,PASS,0.5,PASS,0.5,NEUTRAL,PASS,0.686,SKIP,0.5,SKIP,0.5,DOWN,-0.3496,0.5,EU,0.22901659535227936
2025-10-21 13:45:00,2025-10-21 14:00:00,SHORT,SL,-1.36,5.0,1,LOSS,0.5599,True,0.06,NEUTRAL,0.5,PASS,1.0,0.6947,PASS,0.1301,PASS,0.6973,0.4625,0.462,N/A,N/A,,PASS,0.5,PASS,0.5,NEUTRAL,PASS,0.686,FAIL,0.15,SKIP,0.5,DOWN,-0.3496,0.5,EU,0.22901659535227936
2025-10-22 15:00:00,2025-10-22 15:15:00,SHORT,TP1,0.8108,5.0,1,WIN,0.5249,True,0.1,NEUTRAL,0.575,PASS,1.0,0.5473,PASS,0.0087,PASS,0.6046,0.4625,0.462,N/A,N/A,,PASS,0.5,FAIL,0.2406,CHOP_MILD_BEAR,PASS,0.686,SKIP,0.5,SKIP,0.5,DOWN,-0.3304,0.5,US_OPEN,0.2500112215431452
2025-10-24 18:15:00,2025-10-25 21:15:00,LONG,SL,1.0231,5.0,108,WIN,0.5414,True,0.05,BEARISH,0.7,PASS,0.8333,0.6188,PASS,0.1729,PASS,0.5525,0.4625,0.462,N/A,N/A,,PASS,0.5,PASS,0.5,NEUTRAL,FAIL,0.456,PASS,0.68,SKIP,0.5,NEUTRAL,-0.1302,0.5,US,0.15182820523956797
2025-10-24 19:00:00,2025-10-25 00:15:00,LONG,SL,0.1618,5.0,21,WIN,0.5651,True,0.05,BEARISH,0.625,PASS,0.8333,0.8416,PASS,0.1609,PASS,0.5525,0.4625,0.462,N/A,N/A,,PASS,0.5,PASS,0.5,NEUTRAL,FAIL,0.456,SKIP,0.5,SKIP,0.5,NEUTRAL,-0.1302,0.5,US,0.15182820523956797
2025-10-24 20:00:00,2025-10-25 00:15:00,LONG,EARLY_EXIT,-0.308,5.0,17,LOSS,0.5403,True,0.05,BEARISH,0.625,PASS,0.8333,0.7473,PASS,0.0954,PASS,0.5306,0.4625,0.462,N/A,N/A,,PASS,0.5,PASS,0.5,NEUTRAL,FAIL,0.456,SKIP,0.5,SKIP,0.5,NEUTRAL,-0.1302,0.5,US,0.15182820523956797
2025-10-27 15:00:00,2025-10-27 16:00:00,LONG,TP1,0.5503,5.0,4,WIN,0.5557,True,0.1,BEARISH,0.625,PASS,0.7083,0.742,PASS,0.2126,PASS,0.7041,0.4625,0.462,N/A,N/A,,PASS,0.5,FAIL,0.2406,CHOP_MILD_BULL,PASS,0.5585,SKIP,0.5,SKIP,0.5,UP,0.2149,0.5,US_OPEN,0.12765317813947002
2025-10-29 13:00:00,2025-10-29 16:00:00,SHORT,TP3,1.6253,5.0,12,WIN,0.56,True,0.05,NEUTRAL,0.5125,FAIL,0.15,0.7127,PASS,0.1242,PASS,0.5418,0.4625,0.462,N/A,N/A,,PASS,0.5,PASS,0.5,NEUTRAL,FAIL,0.4775,SKIP,0.5,SKIP,0.5,DOWN,-0.1548,0.5,EU,0.17778636440143686
2025-10-29 14:00:00,2025-10-29 14:30:00,SHORT,SL,0.169,5.0,2,WIN,0.6066,True,0.11,NEUTRAL,0.5125,FAIL,0.15,0.6488,PASS,0.1301,PASS,0.4092,0.4625,0.462,N/A,N/A,,PASS,0.5,PASS,0.5,NEUTRAL,FAIL,0.4775,FAIL,0.3,SKIP,0.5,DOWN,-0.1548,0.5,US_OPEN,0.17778636440143686
2025-10-29 15:30:00,2025-10-29 16:15:00,SHORT,SL,0.2917,5.0,3,WIN,0.6389,True,0.11,NEUTRAL,0.5125,FAIL,0.15,0.7654,PASS,0.1301,PASS,0.4653,0.4625,0.462,N/A,N/A,,PASS,0.5,PASS,0.5,NEUTRAL,FAIL,0.4775,FAIL,0.3,SKIP,0.5,DOWN,-0.1548,0.5,US_OPEN,0.17778636440143686
2025-10-30 12:15:00,2025-10-30 12:30:00,SHORT,TP1,0.6868,5.0,1,WIN,0.603,True,0.1,NEUTRAL,0.5125,PASS,1.0,0.691,PASS,0.0087,PASS,0.4142,0.4625,0.462,N/A,N/A,,PASS,0.5,FAIL,0.2406,CHOP_MILD_BEAR,PASS,0.5275,SKIP,0.5,SKIP,0.5,STRONG_DOWN,-0.4517,0.5,EU,0.23404062969736877
2025-10-31 02:00:00,2025-10-31 06:00:00,SHORT,EARLY_EXIT,-0.3007,5.0,16,LOSS,0.6076,True,0.0,BULLISH,0.7375,PASS,1.0,0.8143,PASS,0.0044,PASS,0.5566,0.4625,0.462,N/A,N/A,,PASS,0.5,PASS,0.5,NEUTRAL,PASS,0.63,SKIP,0.5,SKIP,0.5,STRONG_DOWN,-0.4136,0.5,ASIAN,0.2028130381744211
2025-11-03 12:30:00,2025-11-03 16:00:00,SHORT,TP3,2.5004,5.0,14,WIN,0.5756,True,0.06,NEUTRAL,0.575,PASS,1.0,0.5248,PASS,0.1139,PASS,0.9417,0.4625,0.462,N/A,N/A,,PASS,0.5,PASS,0.5,NEUTRAL,PASS,0.7235,FAIL,0.3,SKIP,0.5,STRONG_DOWN,-0.5187,0.5,EU,0.41064776148137294
2025-11-03 15:15:00,2025-11-04 03:30:00,SHORT,EARLY_EXIT,-0.3459,5.0,49,LOSS,0.6107,True,0.0,NEUTRAL,0.5125,PASS,1.0,0.6,PASS,0.1301,PASS,0.8533,0.4625,0.462,N/A,N/A,,PASS,0.5,PASS,0.5,NEUTRAL,PASS,0.7235,SKIP,0.5,SKIP,0.5,STRONG_DOWN,-0.5187,0.5,US_OPEN,0.41064776148137294
2025-11-03 15:45:00,2025-11-03 17:15:00,SHORT,SL,-1.8,5.0,6,LOSS,0.6025,True,0.0,NEUTRAL,0.5125,PASS,1.0,0.5604,PASS,0.1301,PASS,0.8533,0.4625,0.462,N/A,N/A,,PASS,0.5,PASS,0.5,NEUTRAL,PASS,0.7235,SKIP,0.5,SKIP,0.5,STRONG_DOWN,-0.5187,0.5,US_OPEN,0.41064776148137294
2025-11-05 05:30:00,2025-11-05 12:15:00,SHORT,EARLY_EXIT,-0.6203,5.0,27,LOSS,0.5635,True,0.0,BULLISH,0.7375,PASS,1.0,0.4628,PASS,0.0032,PASS,0.661,0.4625,0.462,N/A,N/A,,PASS,0.5,PASS,0.5,NEUTRAL,PASS,0.776,SKIP,0.5,SKIP,0.5,STRONG_DOWN,-0.7654,0.5,ASIAN,0.38163965418749524
2025-11-05 08:15:00,2025-11-05 09:00:00,SHORT,SL,-0.8,5.0,3,LOSS,0.628,True,0.1,BULLISH,0.65,PASS,1.0,0.6977,PASS,0.0036,PASS,0.5672,0.4625,0.462,N/A,N/A,,PASS,0.5,FAIL,0.2406,CHOP_MILD_BEAR,PASS,0.776,SKIP,0.5,SKIP,0.5,STRONG_DOWN,-0.7654,0.5,EU,0.38163965418749524
2025-11-05 08:45:00,2025-11-05 10:45:00,SHORT,TP1,0.6118,5.0,8,WIN,0.6296,True,0.1,BULLISH,0.65,PASS,1.0,0.7045,PASS,0.004,PASS,0.5672,0.4625,0.462,N/A,N/A,,PASS,0.5,FAIL,0.2406,CHOP_MILD_BEAR,PASS,0.776,SKIP,0.5,SKIP,0.5,STRONG_DOWN,-0.7654,0.5,EU,0.38163965418749524
2025-11-06 05:30:00,2025-11-06 14:30:00,SHORT,TP1,1.917,5.0,36,WIN,0.6276,True,0.1,BEARISH,0.6375,PASS,1.0,0.7578,PASS,0.1301,PASS,0.4052,0.4625,0.462,N/A,N/A,,PASS,0.5,FAIL,0.2406,CHOP_MILD_BEAR,PASS,0.776,SKIP,0.5,SKIP,0.5,STRONG_DOWN,-0.7972,0.5,ASIAN,0.35163918619918433
2025-11-06 06:45:00,2025-11-06 10:30:00,SHORT,SL,-0.5311,5.0,15,LOSS,0.6283,True,0.1,BEARISH,0.6375,PASS,1.0,0.7655,PASS,0.1288,PASS,0.3935,0.4625,0.462,N/A,N/A,,PASS,0.5,FAIL,0.2406,CHOP_MILD_BEAR,PASS,0.776,SKIP,0.5,SKIP,0.5,STRONG_DOWN,-0.7972,0.5,ASIAN,0.35163918619918433
2025-11-06 09:00:00,2025-11-06 16:15:00,SHORT,SL,2.6046,5.0,29,WIN,0.5653,True,0.0,NEUTRAL,0.525,PASS,1.0,0.5737,PASS,0.1246,PASS,0.6582,0.4625,0.462,N/A,N/A,,PASS,0.5,PASS,0.5,NEUTRAL,PASS,0.776,SKIP,0.5,SKIP,0.5,STRONG_DOWN,-0.7972,0.5,EU,0.35163918619918433
2025-11-06 09:45:00,2025-11-06 16:15:00,SHORT,SL,2.4371,5.0,26,WIN,0.5774,True,0.0,NEUTRAL,0.525,PASS,1.0,0.6738,PASS,0.1093,PASS,0.542,0.4625,0.462,N/A,N/A,,PASS,0.5,PASS,0.5,NEUTRAL,PASS,0.776,SKIP,0.5,SKIP,0.5,STRONG_DOWN,-0.7972,0.5,EU,0.35163918619918433
2025-11-06 18:00:00,2025-11-06 18:15:00,SHORT,TP1,0.2541,5.0,1,WIN,0.5506,True,0.1,NEUTRAL,0.55,PASS,1.0,0.5038,PASS,0.1138,PASS,0.6674,0.4625,0.462,N/A,N/A,,PASS,0.5,FAIL,0.2406,CHOP_MILD_BEAR,PASS,0.776,SKIP,0.5,SKIP,0.5,STRONG_DOWN,-0.7972,0.5,US,0.35163918619918433
2025-11-08 19:15:00,2025-11-08 20:30:00,SHORT,SL,-0.68,5.0,5,LOSS,0.6238,True,0.1,NEUTRAL,0.525,PASS,0.8333,0.6733,PASS,0.2084,PASS,0.2951,0.4625,0.462,N/A,N/A,,PASS,0.5,FAIL,0.2406,CHOP_MILD_BEAR,PASS,0.81,SKIP,0.5,SKIP,0.5,STRONG_DOWN,-0.5939,0.5,US,0.230763917389965
2025-11-08 19:45:00,2025-11-08 23:30:00,SHORT,SL,-0.68,5.0,15,LOSS,0.559,True,0.1,NEUTRAL,0.525,PASS,0.8333,0.3876,PASS,0.1982,PASS,0.2951,0.4625,0.462,N/A,N/A,,PASS,0.5,FAIL,0.2406,CHOP_MILD_BEAR,PASS,0.81,SKIP,0.5,SKIP,0.5,STRONG_DOWN,-0.5939,0.5,US,0.230763917389965
2025-11-09 02:30:00,2025-11-09 06:30:00,SHORT,EARLY_EXIT,-1.0595,5.0,16,LOSS,0.6151,True,0.0,BEARISH,0.6375,PASS,0.8333,0.6133,PASS,0.0552,PASS,0.7148,0.4625,0.462,N/A,N/A,,PASS,0.5,PASS,0.5,NEUTRAL,PASS,0.81,SKIP,0.5,SKIP,0.5,STRONG_DOWN,-0.4519,0.5,ASIAN,0.19149484810352824
2025-11-10 23:00:00,2025-11-11 01:15:00,SHORT,SL,-0.505,5.0,9,LOSS,0.5791,True,0.0,BULLISH,0.6175,PASS,0.8333,0.7333,PASS,0.1204,PASS,0.2966,0.4625,0.462,N/A,N/A,,PASS,0.5,PASS,0.5,NEUTRAL,PASS,0.6825,SKIP,0.5,SKIP,0.5,DOWN,-0.2764,0.5,LATE_US,0.2294956159021142
2025-11-10 23:45:00,2025-11-11 01:15:00,SHORT,SL,-1.1469,5.0,6,LOSS,0.5646,True,0.0,BULLISH,0.6175,PASS,0.8333,0.6717,PASS,0.1119,PASS,0.2799,0.4625,0.462,N/A,N/A,,PASS,0.5,PASS,0.5,NEUTRAL,PASS,0.6825,SKIP,0.5,SKIP,0.5,DOWN,-0.2764,0.5,LATE_US,0.2294956159021142
2025-11-12 15:00:00,2025-11-12 15:30:00,SHORT,TP1,1.0836,5.0,2,WIN,0.5881,True,0.1,NEUTRAL,0.5,PASS,1.0,0.7992,PASS,0.0709,PASS,0.5798,0.4625,0.462,N/A,N/A,,PASS,0.5,FAIL,0.2406,CHOP_MILD_BEAR,PASS,0.636,SKIP,0.5,SKIP,0.5,STRONG_DOWN,-0.4509,0.5,US_OPEN,0.2666913736847103
2025-11-12 15:30:00,2025-11-12 15:45:00,SHORT,TP1,0.2449,5.0,1,WIN,0.6184,True,0.1,NEUTRAL,0.5,PASS,1.0,0.8391,PASS,0.0044,PASS,0.293,0.4625,0.462,N/A,N/A,,PASS,0.5,FAIL,0.2406,CHOP_MILD_BEAR,PASS,0.636,SKIP,0.5,SKIP,0.5,STRONG_DOWN,-0.4509,0.5,US_OPEN,0.2666913736847103
2025-11-13 13:30:00,2025-11-13 14:30:00,SHORT,TP1,1.0493,5.0,4,WIN,0.6318,True,0.1,NEUTRAL,0.5125,PASS,1.0,0.7571,PASS,0.1301,PASS,0.5886,0.4625,0.462,N/A,N/A,,PASS,0.5,FAIL,0.2406,CHOP_MILD_BEAR,PASS,0.6825,SKIP,0.5,SKIP,0.5,STRONG_DOWN,-0.6473,0.5,EU,0.40922427581462767
2025-11-13 15:15:00,2025-11-13 17:00:00,SHORT,TP1,3.1933,5.0,7,WIN,0.5645,True,0.1,NEUTRAL,0.5125,PASS,1.0,0.6963,PASS,0.1301,PASS,0.6069,0.4625,0.462,N/A,N/A,,PASS,0.5,FAIL,0.2406,CHOP_MILD_BEAR,PASS,0.6825,SKIP,0.5,SKIP,0.5,STRONG_DOWN,-0.6473,0.5,US_OPEN,0.40922427581462767
2025-11-15 08:00:00,2025-11-15 08:45:00,SHORT,TP1,0.7625,5.0,3,WIN,0.5982,True,0.1,BULLISH,0.6,PASS,1.0,0.7327,PASS,0.1103,PASS,0.6875,0.4625,0.462,N/A,N/A,,PASS,0.5,FAIL,0.2406,CHOP_MILD_BEAR,PASS,0.7725,SKIP,0.5,SKIP,0.5,STRONG_DOWN,-0.7841,0.5,EU,0.26143892667015883
2025-11-15 11:30:00,2025-11-15 13:15:00,SHORT,SL,-0.68,5.0,7,LOSS,0.6017,True,0.1,NEUTRAL,0.575,PASS,1.0,0.7761,PASS,0.1144,PASS,0.5976,0.4625,0.462,N/A,N/A,,PASS,0.5,FAIL,0.2406,CHOP_MILD_BEAR,PASS,0.7725,SKIP,0.5,SKIP,0.5,STRONG_DOWN,-0.7841,0.5,EU,0.26143892667015883
2025-11-17 19:15:00,2025-11-17 19:45:00,SHORT,TP1,1.1878,5.0,2,WIN,0.5677,True,0.1,BEARISH,0.6375,PASS,1.0,0.4681,PASS,0.0968,PASS,0.4618,0.4625,0.462,N/A,N/A,,PASS,0.5,FAIL,0.2406,CHOP_MILD_BEAR,PASS,0.7725,SKIP,0.5,SKIP,0.5,STRONG_DOWN,-0.9075,0.5,US,0.38772256917175213
2025-11-20 23:00:00,2025-11-21 07:30:00,SHORT,TP3,4.0981,5.0,34,WIN,0.6065,True,0.0,NEUTRAL,0.55,PASS,1.0,0.4501,PASS,0.7648,PASS,0.6457,0.4625,0.462,N/A,N/A,,PASS,0.5,PASS,0.5,NEUTRAL,PASS,0.67,SKIP,0.5,SKIP,0.5,STRONG_DOWN,-0.9559,0.5,LATE_US,0.4331647998244937
2025-11-22 04:15:00,2025-11-22 06:30:00,SHORT,SL,-0.8,5.0,9,LOSS,0.648,True,0.1,BULLISH,0.6,PASS,1.0,0.7227,PASS,0.0143,PASS,0.4525,0.4625,0.462,N/A,N/A,,PASS,0.5,FAIL,0.2406,CHOP_MILD_BEAR,PASS,0.7725,SKIP,0.5,SKIP,0.5,STRONG_DOWN,-0.9823,0.5,ASIAN,0.31348955243835236
2025-11-22 05:00:00,2025-11-22 06:30:00,SHORT,SL,-0.8,5.0,6,LOSS,0.6311,True,0.1,NEUTRAL,0.575,PASS,1.0,0.6456,PASS,0.0147,PASS,0.4525,0.4625,0.462,N/A,N/A,,PASS,0.5,FAIL,0.2406,CHOP_MILD_BEAR,PASS,0.7725,SKIP,0.5,SKIP,0.5,STRONG_DOWN,-0.9823,0.5,ASIAN,0.31348955243835236
2025-11-23 07:00:00,2025-11-23 09:30:00,SHORT,SL,-0.68,5.0,10,LOSS,0.6421,True,0.1,BULLISH,0.625,PASS,1.0,0.6122,PASS,0.1976,PASS,0.3039,0.4625,0.462,N/A,N/A,,PASS,0.5,FAIL,0.2406,CHOP_MILD_BEAR,PASS,0.7725,SKIP,0.5,SKIP,0.5,STRONG_DOWN,-0.9585,0.5,ASIAN,0.3216209651389727
2025-11-23 10:30:00,2025-11-23 12:00:00,SHORT,SL,-0.68,5.0,6,LOSS,0.558,True,0.1,NEUTRAL,0.575,PASS,1.0,0.4249,PASS,0.1196,PASS,0.5225,0.4625,0.462,N/A,N/A,,PASS,0.5,FAIL,0.2406,CHOP_MILD_BEAR,PASS,0.7725,PASS,0.78,SKIP,0.5,STRONG_DOWN,-0.9585,0.5,EU,0.3216209651389727
2025-11-24 00:00:00,2025-11-24 00:45:00,SHORT,SL,-0.8,5.0,3,LOSS,0.6296,True,0.1,BEARISH,0.675,PASS,0.8333,0.7393,PASS,0.2126,PASS,0.4181,0.4625,0.462,N/A,N/A,,PASS,0.5,FAIL,0.2406,CHOP_MILD_BEAR,PASS,0.636,PASS,0.78,SKIP,0.5,STRONG_DOWN,-0.5394,0.5,ASIAN,0.2953459398571829
2025-11-25 08:00:00,2025-11-25 12:00:00,SHORT,EARLY_EXIT,-0.8052,5.0,16,LOSS,0.6059,True,0.1,BEARISH,0.6375,PASS,0.8333,0.8391,PASS,0.0487,PASS,0.3181,0.4625,0.462,N/A,N/A,,PASS,0.5,FAIL,0.2406,CHOP_MILD_BEAR,PASS,0.67,SKIP,0.5,SKIP,0.5,STRONG_DOWN,-0.6047,0.5,EU,0.23599750460248659
2025-11-27 12:15:00,2025-11-27 18:30:00,SHORT,EARLY_EXIT,-0.6805,5.0,25,LOSS,0.5779,True,0.1,BEARISH,0.7375,PASS,0.8333,0.8803,PASS,0.1262,PASS,0.3166,0.4625,0.462,N/A,N/A,,PASS,0.5,FAIL,0.2406,CHOP_MILD_BEAR,PASS,0.5,SKIP,0.5,SKIP,0.5,DOWN,-0.2448,0.5,EU,0.17157573902929335
2025-11-27 12:45:00,2025-11-27 16:00:00,SHORT,SL,-0.8,5.0,13,LOSS,0.5739,True,0.1,BEARISH,0.7375,PASS,0.8333,0.8596,PASS,0.1301,PASS,0.3166,0.4625,0.462,N/A,N/A,,PASS,0.5,FAIL,0.2406,CHOP_MILD_BEAR,PASS,0.5,SKIP,0.5,SKIP,0.5,DOWN,-0.2448,0.5,EU,0.17157573902929335
2025-11-28 13:30:00,2025-11-28 14:30:00,LONG,SL,0.3557,5.0,4,WIN,0.5988,True,0.0,NEUTRAL,0.5125,PASS,0.7083,0.5915,PASS,0.2027,PASS,0.3565,0.4625,0.462,N/A,N/A,,PASS,0.5,PASS,0.5,NEUTRAL,PASS,0.506,SKIP,0.5,SKIP,0.5,NEUTRAL,-0.1279,0.5,EU,0.17672345801060935
2025-11-28 15:15:00,2025-11-28 16:15:00,LONG,SL,-1.0685,5.0,4,LOSS,0.5727,True,0.0,NEUTRAL,0.5125,PASS,0.7083,0.6568,PASS,0.1301,PASS,0.7994,0.4625,0.462,N/A,N/A,,PASS,0.5,PASS,0.5,NEUTRAL,PASS,0.506,SKIP,0.5,SKIP,0.5,NEUTRAL,-0.1279,0.5,US_OPEN,0.17672345801060935
2025-11-29 10:15:00,2025-11-30 12:30:00,SHORT,EARLY_EXIT,-0.7706,5.0,105,LOSS,0.5688,True,0.1,BEARISH,0.7375,PASS,0.7083,0.7984,PASS,0.1301,PASS,0.4328,0.4625,0.462,N/A,N/A,,PASS,0.5,FAIL,0.2406,CHOP_MILD_BEAR,PASS,0.5,SKIP,0.5,SKIP,0.5,DOWN,-0.2187,0.5,EU,0.16918022714873257
2025-11-29 17:45:00,2025-11-29 21:45:00,SHORT,EARLY_EXIT,-0.8148,5.0,16,LOSS,0.6146,True,0.06,BEARISH,0.7375,FAIL,0.15,0.7284,PASS,0.1301,PASS,0.63,0.4625,0.462,N/A,N/A,,PASS,0.5,PASS,0.5,NEUTRAL,PASS,0.5,FAIL,0.3,SKIP,0.5,DOWN,-0.2187,0.5,US,0.16918022714873257
2025-11-29 19:30:00,2025-11-30 01:00:00,SHORT,EARLY_EXIT,-0.547,5.0,22,LOSS,0.4888,True,0.06,BEARISH,0.675,FAIL,0.15,0.5412,PASS,0.1301,PASS,0.2692,0.4625,0.462,N/A,N/A,,PASS,0.5,PASS,0.5,NEUTRAL,PASS,0.5,FAIL,0.3,SKIP,0.5,DOWN,-0.2187,0.5,US,0.16918022714873257
2025-12-02 20:15:00,2025-12-02 22:00:00,SHORT,SL,-1.1189,5.0,7,LOSS,0.5735,True,0.0,NEUTRAL,0.55,PASS,0.8333,0.4351,PASS,0.6901,PASS,0.6252,0.4625,0.462,N/A,N/A,,PASS,0.5,PASS,0.5,NEUTRAL,PASS,0.67,PASS,0.68,SKIP,0.5,DOWN,-0.3963,0.5,US,0.19317896274041702
2026-01-02 09:00:00,2026-01-02 11:15:00,LONG,SL,0.25,5.0,9,WIN,0.5775,True,0.06,BULLISH,0.6375,PASS,0.7083,0.7936,PASS,0.1301,PASS,0.9391,0.4625,0.462,N/A,N/A,,PASS,0.5,PASS,0.5,NEUTRAL,PASS,0.5435,FAIL,0.15,SKIP,0.5,UP,0.2537,0.5,EU,0.2649180805890933
2026-01-02 09:45:00,2026-01-02 14:15:00,LONG,EARLY_EXIT,-0.418,5.0,18,LOSS,0.57,True,0.06,BULLISH,0.6375,PASS,0.7083,0.774,PASS,0.1301,PASS,0.887,0.4625,0.462,N/A,N/A,,PASS,0.5,PASS,0.5,NEUTRAL,PASS,0.5435,FAIL,0.15,SKIP,0.5,UP,0.2537,0.5,EU,0.2649180805890933
2026-01-02 10:30:00,2026-01-02 14:15:00,LONG,SL,-0.7582,5.0,15,LOSS,0.5432,True,0.06,BULLISH,0.6375,PASS,0.7083,0.5625,PASS,0.1301,PASS,0.8731,0.4625,0.462,N/A,N/A,,PASS,0.5,PASS,0.5,NEUTRAL,PASS,0.5435,FAIL,0.3,SKIP,0.5,UP,0.2537,0.5,EU,0.2649180805890933
2026-01-03 12:45:00,2026-01-03 18:15:00,LONG,TP1,0.3122,5.0,22,WIN,0.5692,True,0.1,BEARISH,0.625,PASS,0.7083,0.9621,PASS,0.0124,PASS,0.6508,0.4625,0.462,N/A,N/A,,PASS,0.5,FAIL,0.2406,CHOP_MILD_BULL,PASS,0.506,SKIP,0.5,SKIP,0.5,UP,0.2344,0.5,EU,0.1659391165281091
2026-01-04 21:00:00,2026-01-04 21:15:00,LONG,SL,-0.2175,5.0,1,LOSS,0.5509,True,0.1,NEUTRAL,0.575,PASS,0.7083,0.9073,PASS,0.1301,PASS,0.5494,0.4625,0.462,N/A,N/A,,PASS,0.5,FAIL,0.2406,CHOP_MILD_BULL,PASS,0.506,SKIP,0.5,SKIP,0.5,UP,0.2727,0.5,US,0.2056456384276254
2026-01-09 08:00:00,2026-01-09 08:30:00,SHORT,TP1,0.4513,5.0,2,WIN,0.5733,True,0.1,NEUTRAL,0.5125,FAIL,0.15,0.767,PASS,0.0403,PASS,0.6248,0.4625,0.462,N/A,N/A,,PASS,0.5,FAIL,0.2406,CHOP_MILD_BEAR,PASS,0.6825,SKIP,0.5,SKIP,0.5,DOWN,-0.1749,0.5,EU,0.1507717759653536
2026-01-09 11:00:00,2026-01-09 15:15:00,SHORT,SL,0.1989,5.0,17,WIN,0.5742,True,0.0,NEUTRAL,0.55,FAIL,0.15,0.605,PASS,0.05,PASS,0.5284,0.4625,0.462,N/A,N/A,,PASS,0.5,PASS,0.5,NEUTRAL,PASS,0.6825,SKIP,0.5,SKIP,0.5,DOWN,-0.1749,0.5,EU,0.1507717759653536
2026-01-09 11:45:00,2026-01-09 13:30:00,SHORT,SL,-0.565,5.0,7,LOSS,0.5924,True,0.0,NEUTRAL,0.55,FAIL,0.15,0.6916,PASS,0.0503,PASS,0.5314,0.4625,0.462,N/A,N/A,,PASS,0.5,PASS,0.5,NEUTRAL,PASS,0.6825,SKIP,0.5,SKIP,0.5,DOWN,-0.1749,0.5,EU,0.1507717759653536
2026-01-09 14:00:00,2026-01-09 14:15:00,SHORT,SL,-0.3161,5.0,1,LOSS,0.5634,True,0.1,NEUTRAL,0.5125,FAIL,0.15,0.7065,PASS,0.1301,PASS,0.557,0.4625,0.462,N/A,N/A,,PASS,0.5,FAIL,0.2406,CHOP_MILD_BEAR,PASS,0.6825,SKIP,0.5,SKIP,0.5,DOWN,-0.1749,0.5,US_OPEN,0.1507717759653536
2026-02-04 09:00:00,2026-02-04 14:00:00,SHORT,TP1,3.3507,5.0,20,WIN,0.6079,True,0.1,BULLISH,0.6,PASS,1.0,0.6029,PASS,0.1159,PASS,0.4837,0.6035,0.603,BEAR,BEAR,,PASS,0.5,FAIL,0.2406,CHOP_MILD_BEAR,PASS,0.81,SKIP,0.5,SKIP,0.5,STRONG_DOWN,-0.9318,0.5,EU,0.6042874549917134
2026-02-04 11:00:00,2026-02-04 11:30:00,SHORT,SL,-0.68,5.0,2,LOSS,0.6406,True,0.1,NEUTRAL,0.575,PASS,1.0,0.8869,PASS,0.1301,PASS,0.679,0.6035,0.603,BEAR,BEAR,,PASS,0.5,FAIL,0.2406,CHOP_MILD_BEAR,PASS,0.81,SKIP,0.5,SKIP,0.5,STRONG_DOWN,-0.9318,0.5,EU,0.6042874549917134
2026-02-04 12:30:00,2026-02-04 14:00:00,SHORT,TP1,2.1032,5.0,6,WIN,0.6246,True,0.1,NEUTRAL,0.575,PASS,1.0,0.8192,PASS,0.1301,PASS,0.6491,0.6035,0.603,BEAR,BEAR,,PASS,0.5,FAIL,0.2406,CHOP_MILD_BEAR,PASS,0.81,SKIP,0.5,SKIP,0.5,STRONG_DOWN,-0.9318,0.5,EU,0.6042874549917134
2026-02-04 13:30:00,2026-02-04 15:45:00,SHORT,SL,2.8966,5.0,9,WIN,0.6155,True,0.0,NEUTRAL,0.5125,PASS,1.0,0.5442,PASS,0.1301,PASS,0.6478,0.6035,0.603,BEAR,BEAR,,PASS,0.5,PASS,0.5,NEUTRAL,PASS,0.81,SKIP,0.5,SKIP,0.5,STRONG_DOWN,-0.9318,0.5,EU,0.6042874549917134
2026-02-04 15:15:00,2026-02-04 17:45:00,SHORT,SL,3.3609,5.0,10,WIN,0.6213,True,0.0,NEUTRAL,0.5125,PASS,1.0,0.5454,PASS,0.1301,PASS,0.7338,0.6035,0.603,BEAR,BEAR,,PASS,0.5,PASS,0.5,NEUTRAL,PASS,0.81,SKIP,0.5,SKIP,0.5,STRONG_DOWN,-0.9318,0.5,US_OPEN,0.6042874549917134
2026-02-05 20:15:00,2026-02-05 20:45:00,SHORT,TP1,2.0463,5.0,2,WIN,0.5998,True,0.1,NEUTRAL,0.5125,PASS,1.0,0.6,PASS,0.1939,PASS,0.891,0.6035,0.603,BEAR,BEAR,,PASS,0.5,FAIL,0.2406,CHOP_MILD_BEAR,PASS,0.81,SKIP,0.5,SKIP,0.5,STRONG_DOWN,-0.9777,0.5,US,0.7626802447004455
2026-02-05 20:45:00,2026-02-05 21:00:00,SHORT,SL,-0.8,5.0,1,LOSS,0.5985,True,0.1,NEUTRAL,0.5125,PASS,1.0,0.5873,PASS,0.2117,PASS,0.891,0.6035,0.603,BEAR,BEAR,,PASS,0.5,FAIL,0.2406,CHOP_MILD_BEAR,PASS,0.81,SKIP,0.5,SKIP,0.5,STRONG_DOWN,-0.9777,0.5,US,0.7626802447004455
2026-02-05 21:15:00,2026-02-05 21:45:00,SHORT,TP1,2.0762,5.0,2,WIN,0.5878,True,0.1,NEUTRAL,0.5125,PASS,1.0,0.5143,PASS,0.2126,PASS,0.9573,0.6035,0.603,BEAR,BEAR,,PASS,0.5,FAIL,0.2406,CHOP_MILD_BEAR,PASS,0.81,SKIP,0.5,SKIP,0.5,STRONG_DOWN,-0.9777,0.5,US,0.7626802447004455
2026-02-08 09:00:00,2026-02-08 11:00:00,SHORT,SL,0.3997,5.0,8,WIN,0.577,True,0.0,BEARISH,0.6,PASS,0.8333,0.4868,PASS,0.0552,PASS,0.4544,0.5585,0.558,BEAR,BEAR,,PASS,0.5,PASS,0.5,NEUTRAL,PASS,0.67,PASS,0.68,SKIP,0.5,STRONG_DOWN,-0.8103,0.5,EU,0.30156396703911253
2026-02-08 09:30:00,2026-02-08 10:45:00,SHORT,SL,0.2193,5.0,5,WIN,0.5404,True,0.0,BEARISH,0.6,PASS,0.8333,0.4775,PASS,0.0552,PASS,0.5512,0.5585,0.558,BEAR,BEAR,,PASS,0.5,PASS,0.5,NEUTRAL,PASS,0.67,PASS,0.68,SKIP,0.5,STRONG_DOWN,-0.8103,0.5,EU,0.30156396703911253
2026-02-08 20:00:00,2026-02-08 21:45:00,SHORT,TP1,1.2196,5.0,7,WIN,0.5443,True,0.1,BEARISH,0.625,PASS,0.8333,0.5134,PASS,0.0501,PASS,0.4076,0.5585,0.558,BEAR,BEAR,,PASS,0.5,FAIL,0.2406,CHOP_MILD_BEAR,PASS,0.67,SKIP,0.5,SKIP,0.5,STRONG_DOWN,-0.8103,0.5,US,0.30156396703911253
2026-02-08 20:30:00,2026-02-08 21:45:00,SHORT,TP1,0.9764,5.0,5,WIN,0.5687,True,0.1,BEARISH,0.625,PASS,0.8333,0.588,PASS,0.0464,PASS,0.406,0.5585,0.558,BEAR,BEAR,,PASS,0.5,FAIL,0.2406,CHOP_MILD_BEAR,PASS,0.67,SKIP,0.5,SKIP,0.5,STRONG_DOWN,-0.8103,0.5,US,0.30156396703911253
2026-02-09 13:30:00,2026-02-09 15:00:00,SHORT,SL,-1.53,5.0,6,LOSS,0.5659,True,0.0,BEARISH,0.7175,PASS,1.0,0.4912,PASS,0.1241,PASS,0.6,0.5585,0.558,BEAR,BEAR,,PASS,0.5,PASS,0.5,NEUTRAL,PASS,0.67,SKIP,0.5,SKIP,0.5,STRONG_DOWN,-0.7571,0.5,EU,0.31485434374719623
2026-02-10 10:00:00,2026-02-10 14:00:00,SHORT,EARLY_EXIT,-0.3274,5.0,16,LOSS,0.5982,True,0.1,NEUTRAL,0.55,PASS,1.0,0.3656,PASS,0.8213,PASS,0.392,0.6035,0.603,BEAR,BEAR,,PASS,0.5,FAIL,0.2406,CHOP_MILD_BEAR,PASS,0.7725,SKIP,0.5,SKIP,0.5,STRONG_DOWN,-0.855,0.5,EU,0.3300649455083654
2026-02-10 18:15:00,2026-02-10 19:30:00,SHORT,SL,-0.68,5.0,5,LOSS,0.594,True,0.1,NEUTRAL,0.5,PASS,1.0,0.5736,PASS,0.1301,PASS,0.2906,0.6035,0.603,BEAR,BEAR,,PASS,0.5,FAIL,0.2406,CHOP_MILD_BEAR,PASS,0.7725,SKIP,0.5,SKIP,0.5,STRONG_DOWN,-0.855,0.5,US,0.3300649455083654
2026-02-11 08:00:00,2026-02-11 12:00:00,SHORT,EARLY_EXIT,-0.7298,5.0,16,LOSS,0.5948,True,0.0,BEARISH,0.6375,PASS,1.0,0.4714,PASS,0.0552,PASS,0.9192,0.6035,0.603,BEAR,BEAR,,PASS,0.5,PASS,0.5,NEUTRAL,PASS,0.7725,SKIP,0.5,SKIP,0.5,STRONG_DOWN,-0.9708,0.5,EU,0.3436744196727763
2026-02-11 10:30:00,2026-02-11 11:15:00,SHORT,SL,-0.8,5.0,3,LOSS,0.5565,True,0.1,BEARISH,0.6375,PASS,1.0,0.4788,PASS,0.046,PASS,0.9339,0.6035,0.603,BEAR,BEAR,,PASS,0.5,FAIL,0.2406,CHOP_MILD_BEAR,PASS,0.7725,SKIP,0.5,SKIP,0.5,STRONG_DOWN,-0.9708,0.5,EU,0.3436744196727763
2026-02-12 08:15:00,2026-02-12 09:15:00,SHORT,SL,-0.8,5.0,4,LOSS,0.5977,True,0.1,BULLISH,0.625,PASS,1.0,0.8022,PASS,0.0083,PASS,0.3586,0.5585,0.558,BEAR,BEAR,,PASS,0.5,FAIL,0.2406,CHOP_MILD_BEAR,PASS,0.5,SKIP,0.5,SKIP,0.5,STRONG_DOWN,-0.5619,0.5,EU,0.3224434782237546
2026-02-14 16:00:00,2026-02-14 16:15:00,SHORT,TP1,0.5622,5.0,1,WIN,0.6445,True,0.1,BEARISH,0.6,PASS,0.8333,0.6087,PASS,0.5612,PASS,0.4689,0.5585,0.558,BEAR,BEAR,,PASS,0.5,FAIL,0.2406,CHOP_MILD_BEAR,PASS,0.6825,PASS,0.78,SKIP,0.5,STRONG_DOWN,-0.5817,0.5,US,0.19661404315889514
2026-02-14 17:15:00,2026-02-14 21:00:00,SHORT,SL,-0.68,5.0,15,LOSS,0.581,True,0.1,BEARISH,0.6,PASS,0.8333,0.4912,PASS,0.1269,PASS,0.3855,0.5585,0.558,BEAR,BEAR,,PASS,0.5,FAIL,0.2406,CHOP_MILD_BEAR,PASS,0.6825,PASS,0.78,SKIP,0.5,STRONG_DOWN,-0.5817,0.5,US,0.19661404315889514
2026-02-15 13:30:00,2026-02-15 17:45:00,SHORT,TP1,2.3029,5.0,17,WIN,0.6103,True,0.16,BEARISH,0.7375,PASS,0.8333,0.6,PASS,0.1301,PASS,0.6222,0.6035,0.603,BEAR,BEAR,,PASS,0.5,FAIL,0.2406,CHOP_MILD_BEAR,PASS,0.776,FAIL,0.3,SKIP,0.5,STRONG_DOWN,-0.6495,0.5,EU,0.3321253701972434
2026-02-15 17:30:00,2026-02-15 17:45:00,SHORT,TP1,1.3251,5.0,1,WIN,0.5519,True,0.1,BEARISH,0.7375,FAIL,0.15,0.4286,PASS,0.1068,PASS,0.9359,0.6035,0.603,BEAR,BEAR,,PASS,0.5,FAIL,0.2406,CHOP_MILD_BEAR,PASS,0.776,SKIP,0.5,SKIP,0.5,STRONG_DOWN,-0.6495,0.5,US,0.3321253701972434
2026-02-15 18:15:00,2026-02-15 18:30:00,SHORT,TP1,0.5141,5.0,1,WIN,0.555,True,0.1,BEARISH,0.7375,FAIL,0.15,0.4634,PASS,0.0367,PASS,0.9569,0.6035,0.603,BEAR,BEAR,,PASS,0.5,FAIL,0.2406,CHOP_MILD_BEAR,PASS,0.776,SKIP,0.5,SKIP,0.5,STRONG_DOWN,-0.6495,0.5,US,0.3321253701972434
2026-02-15 18:45:00,2026-02-15 19:00:00,SHORT,TP1,0.8137,5.0,1,WIN,0.5656,True,0.1,BEARISH,0.7375,FAIL,0.15,0.5144,PASS,0.0367,PASS,0.9569,0.6035,0.603,BEAR,BEAR,,PASS,0.5,FAIL,0.2406,CHOP_MILD_BEAR,PASS,0.776,SKIP,0.5,SKIP,0.5,STRONG_DOWN,-0.6495,0.5,US,0.3321253701972434
2026-02-17 08:15:00,2026-02-17 13:45:00,SHORT,EARLY_EXIT,-0.3301,5.0,22,LOSS,0.5903,True,0.1,NEUTRAL,0.55,PASS,1.0,0.8065,PASS,0.1086,PASS,0.4558,0.5585,0.558,BEAR,BEAR,,PASS,0.5,FAIL,0.2406,CHOP_MILD_BEAR,PASS,0.58,SKIP,0.5,SKIP,0.5,STRONG_DOWN,-0.631,0.5,EU,0.24760403911040746
2026-02-19 09:00:00,2026-02-19 09:15:00,SHORT,SL,-0.3169,5.0,1,LOSS,0.5682,True,0.1,NEUTRAL,0.5,PASS,1.0,0.5705,PASS,0.5536,PASS,0.5587,0.5585,0.558,BEAR,BEAR,,PASS,0.5,FAIL,0.2406,CHOP_MILD_BEAR,PASS,0.6825,SKIP,0.5,SKIP,0.5,STRONG_DOWN,-0.6994,0.5,EU,0.24982962663884778
2026-02-19 10:30:00,2026-02-19 10:45:00,SHORT,TP1,0.3965,5.0,1,WIN,0.5642,True,0.1,NEUTRAL,0.525,PASS,1.0,0.7098,PASS,0.1301,PASS,0.559,0.5585,0.558,BEAR,BEAR,,PASS,0.5,FAIL,0.2406,CHOP_MILD_BEAR,PASS,0.6825,SKIP,0.5,SKIP,0.5,STRONG_DOWN,-0.6994,0.5,EU,0.24982962663884778
2026-02-19 11:15:00,2026-02-19 11:45:00,SHORT,TP1,0.4448,5.0,2,WIN,0.5728,True,0.1,BEARISH,0.6375,PASS,1.0,0.7543,PASS,0.1257,PASS,0.5555,0.5585,0.558,BEAR,BEAR,,PASS,0.5,FAIL,0.2406,CHOP_MILD_BEAR,PASS,0.6825,SKIP,0.5,SKIP,0.5,STRONG_DOWN,-0.6994,0.5,EU,0.24982962663884778
2026-02-19 11:45:00,2026-02-19 13:00:00,SHORT,TP1,0.4473,5.0,5,WIN,0.5654,True,0.1,BEARISH,0.6375,PASS,1.0,0.7167,PASS,0.1301,PASS,0.5555,0.5585,0.558,BEAR,BEAR,,PASS,0.5,FAIL,0.2406,CHOP_MILD_BEAR,PASS,0.6825,SKIP,0.5,SKIP,0.5,STRONG_DOWN,-0.6994,0.5,EU,0.24982962663884778
2026-02-19 13:00:00,2026-02-19 13:30:00,SHORT,TP1,0.5289,5.0,2,WIN,0.5868,True,0.1,BEARISH,0.6375,PASS,1.0,0.7878,PASS,0.1301,PASS,0.6581,0.5585,0.558,BEAR,BEAR,,PASS,0.5,FAIL,0.2406,CHOP_MILD_BEAR,PASS,0.6825,SKIP,0.5,SKIP,0.5,STRONG_DOWN,-0.6994,0.5,EU,0.24982962663884778
2026-02-20 04:30:00,2026-02-20 04:45:00,SHORT,TP1,0.5105,5.0,1,WIN,0.6175,True,0.1,NEUTRAL,0.525,PASS,1.0,0.5558,PASS,0.1301,PASS,0.3023,0.6395,0.639,BEAR,BEAR,,PASS,0.5,FAIL,0.2406,CHOP_MILD_BEAR,PASS,0.6825,SKIP,0.5,SKIP,0.5,STRONG_DOWN,-0.79,0.5,ASIAN,0.24952046275607764
2026-02-22 17:30:00,2026-02-22 21:30:00,SHORT,EARLY_EXIT,-0.5585,5.0,16,LOSS,0.6148,True,0.1,BEARISH,0.6375,PASS,1.0,0.7536,PASS,0.2126,PASS,0.7119,0.5285,0.528,BEAR,BEAR,,PASS,0.5,FAIL,0.2406,CHOP_MILD_BEAR,PASS,0.58,SKIP,0.5,SKIP,0.5,STRONG_DOWN,-0.6056,0.5,US,0.21845009790592704
2026-02-23 14:30:00,2026-02-23 15:45:00,SHORT,TP1,0.6229,5.0,5,WIN,0.6255,True,0.1,NEUTRAL,0.55,PASS,1.0,0.9185,PASS,0.1301,PASS,0.6209,0.6395,0.639,BEAR,BEAR,,PASS,0.5,FAIL,0.2406,CHOP_MILD_BEAR,PASS,0.7385,SKIP,0.5,SKIP,0.5,STRONG_DOWN,-0.896,0.5,US_OPEN,0.34633903373366365
2026-02-23 15:45:00,2026-02-23 16:00:00,SHORT,TP1,0.6291,5.0,1,WIN,0.5989,True,0.1,NEUTRAL,0.525,PASS,1.0,0.7906,PASS,0.1301,PASS,0.6193,0.6395,0.639,BEAR,BEAR,,PASS,0.5,FAIL,0.2406,CHOP_MILD_BEAR,PASS,0.7385,SKIP,0.5,SKIP,0.5,STRONG_DOWN,-0.896,0.5,US_OPEN,0.34633903373366365
2026-02-23 16:30:00,2026-02-23 17:00:00,SHORT,TP1,0.6267,5.0,2,WIN,0.531,True,0.1,NEUTRAL,0.5,PASS,1.0,0.4435,PASS,0.1301,PASS,0.6833,0.6395,0.639,BEAR,BEAR,,PASS,0.5,FAIL,0.2406,CHOP_MILD_BEAR,PASS,0.7385,SKIP,0.5,SKIP,0.5,STRONG_DOWN,-0.896,0.5,US,0.34633903373366365
2026-02-23 17:00:00,2026-02-23 17:30:00,SHORT,TP1,0.768,5.0,2,WIN,0.5918,True,0.1,BEARISH,0.6375,PASS,1.0,0.7366,PASS,0.1301,PASS,0.6833,0.6395,0.639,BEAR,BEAR,,PASS,0.5,FAIL,0.2406,CHOP_MILD_BEAR,PASS,0.7385,SKIP,0.5,SKIP,0.5,STRONG_DOWN,-0.896,0.5,US,0.34633903373366365
2026-02-23 17:30:00,2026-02-23 17:45:00,SHORT,SL,-0.8,5.0,1,LOSS,0.5909,True,0.1,BEARISH,0.6375,PASS,1.0,0.605,PASS,0.1301,PASS,0.4732,0.6395,0.639,BEAR,BEAR,,PASS,0.5,FAIL,0.2406,CHOP_MILD_BEAR,PASS,0.7385,SKIP,0.5,SKIP,0.5,STRONG_DOWN,-0.896,0.5,US,0.34633903373366365
2026-02-24 09:00:00,2026-02-24 14:45:00,SHORT,EARLY_EXIT,-0.3929,5.0,23,LOSS,0.6055,True,0.0,NEUTRAL,0.575,PASS,1.0,0.4692,PASS,0.7408,PASS,0.5133,0.6395,0.639,BEAR,BEAR,,PASS,0.5,PASS,0.5,NEUTRAL,PASS,0.7385,SKIP,0.5,SKIP,0.5,STRONG_DOWN,-0.8947,0.5,EU,0.332183898966335
2026-02-24 09:30:00,2026-02-24 14:45:00,SHORT,EARLY_EXIT,-0.6628,5.0,21,LOSS,0.5941,True,0.0,NEUTRAL,0.575,PASS,1.0,0.4729,PASS,0.1072,PASS,0.4938,0.6395,0.639,BEAR,BEAR,,PASS,0.5,PASS,0.5,NEUTRAL,PASS,0.7385,SKIP,0.5,SKIP,0.5,STRONG_DOWN,-0.8947,0.5,EU,0.332183898966335
2026-02-24 10:15:00,2026-02-24 14:45:00,SHORT,EARLY_EXIT,-0.4594,5.0,18,LOSS,0.5599,True,0.0,NEUTRAL,0.575,PASS,1.0,0.4833,PASS,0.1003,PASS,0.5331,0.6395,0.639,BEAR,BEAR,,PASS,0.5,PASS,0.5,NEUTRAL,PASS,0.7385,SKIP,0.5,SKIP,0.5,STRONG_DOWN,-0.8947,0.5,EU,0.332183898966335
2026-03-01 09:00:00,2026-03-01 09:30:00,SHORT,TP1,0.5457,5.0,2,WIN,0.6307,True,0.1,BEARISH,0.6375,FAIL,0.15,0.6831,PASS,0.0508,PASS,0.4568,0.5285,0.528,BEAR,BEAR,,PASS,0.5,FAIL,0.2406,CHOP_MILD_BEAR,PASS,0.636,SKIP,0.5,SKIP,0.5,STRONG_DOWN,-0.6041,0.5,EU,0.28196217367184445
2026-03-01 16:45:00,2026-03-01 18:00:00,SHORT,SL,-0.68,5.0,5,LOSS,0.569,True,0.1,NEUTRAL,0.525,FAIL,0.15,0.7904,PASS,0.1301,PASS,0.555,0.5285,0.528,BEAR,BEAR,,PASS,0.5,FAIL,0.2406,CHOP_MILD_BEAR,PASS,0.636,SKIP,0.5,SKIP,0.5,STRONG_DOWN,-0.6041,0.5,US,0.28196217367184445
2026-03-02 02:00:00,2026-03-02 03:15:00,SHORT,SL,-1.36,5.0,5,LOSS,0.6231,True,0.0,NEUTRAL,0.575,FAIL,0.15,0.6242,PASS,0.0552,PASS,0.3369,0.4985,0.498,BEAR,BEAR,,PASS,0.5,PASS,0.5,NEUTRAL,PASS,0.5,SKIP,0.5,SKIP,0.5,DOWN,-0.2717,0.5,ASIAN,0.22867064690803723
2026-04-01 21:15:00,2026-04-02 01:00:00,LONG,SL,-0.9583,5.0,15,LOSS,0.5168,True,0.05,NEUTRAL,0.5125,PASS,0.7083,0.628,PASS,0.0147,PASS,0.5553,0.48,0.48,BEAR,BEAR,,PASS,0.5,PASS,0.5,NEUTRAL,FAIL,0.4375,SKIP,0.5,SKIP,0.5,NEUTRAL,0.0537,0.5,US,0.18463953104633513
2026-04-02 21:45:00,2026-04-03 01:30:00,SHORT,TP1,0.8006,5.0,15,WIN,0.56,True,0.1,NEUTRAL,0.5125,FAIL,0.15,0.5855,PASS,0.1009,PASS,0.4887,0.461,0.461,BEAR,BEAR,,PASS,0.5,FAIL,0.2406,CHOP_MILD_BEAR,PASS,0.636,SKIP,0.5,SKIP,0.5,NEUTRAL,-0.105,0.5,US,0.15603206589777793
2026-04-04 11:00:00,2026-04-04 16:15:00,SHORT,EARLY_EXIT,-0.339,5.0,21,LOSS,0.578,True,0.1,BULLISH,0.655,PASS,1.0,0.8767,PASS,0.1204,PASS,0.644,0.3725,0.372,BULL,BEAR,,PASS,0.5,FAIL,0.2406,CHOP_MILD_BEAR,PASS,0.58,SKIP,0.5,SKIP,0.5,NEUTRAL,-0.0785,0.5,EU,0.05293097909902274
2026-04-04 12:30:00,2026-04-04 16:30:00,SHORT,EARLY_EXIT,-0.5624,5.0,16,LOSS,0.5535,True,0.1,BULLISH,0.6,PASS,1.0,0.8216,PASS,0.0087,PASS,0.5777,0.3725,0.372,BULL,BEAR,,PASS,0.5,FAIL,0.2406,CHOP_MILD_BEAR,PASS,0.58,SKIP,0.5,SKIP,0.5,NEUTRAL,-0.0785,0.5,EU,0.05293097909902274
2026-05-01 07:45:00,2026-05-01 10:00:00,LONG,SL,0.118,5.0,9,WIN,0.5608,True,0.0,BULLISH,0.6175,PASS,0.7083,0.6271,PASS,0.0522,PASS,0.4825,0.3425,0.343,BEAR,BULL,,PASS,0.5,PASS,0.5,NEUTRAL,PASS,0.58,SKIP,0.5,SKIP,0.5,NEUTRAL,-0.0422,0.5,ASIAN,0.11710748588627397
